nama_produk,kategori,harga_pasar,dimensi,berat,warna,material,finishing,konstruksi,deskripsi,url_gambar,file_gambar_lokal,url_sumber
Salami Mirror,Cermin & Dekorasi Dinding,Rp 450.000,40 × 40 × 2 cm,"5,4 kg",Full Natural,"Mirror, Pine Wood",NC Lacquer,Assembled / Knockdown,,https://uwitan.id/wp-content/uploads/2020/04/1-Aksesoris-Salami-Mirror-Uwitan.jpg,/home/azureuser/katalog_500_images/001_salami_mirror.jpg,https://uwitan.id/product/salami-mirror/
Woodletter,Home Decor & Living,Rp 35.000,5 × 5 × 5 cm,"0,5625 kg",Full Natural,Pine Wood,NC Lacquer,Assembled / Knockdown,,https://uwitan.id/wp-content/uploads/2018/07/aksesoris-woodletter-2.webp,/home/azureuser/katalog_500_images/002_woodletter.webp,https://uwitan.id/product/woodletter/
Cakra Arm Chair 3 Seater,Kursi & Bangku,Rp 2.200.000,165 × 60 × 79 cm,"181,7 kg",Full Natural,"Foam, Rattan",NC Lacquer,Assembled / Knockdown,,https://uwitan.id/wp-content/uploads/2019/01/SAM9546.jpg,/home/azureuser/katalog_500_images/003_cakra_arm_chair_3_seater.jpg,https://uwitan.id/product/cakra-arm-chair-3-seater/
Papan Menu,Home Decor & Living,Rp 195.000,32 × 32 × 2 cm,"2,3 kg",Natural,Pine Wood,NC Lacquer,Knockdown,,https://uwitan.id/wp-content/uploads/2023/07/sampul-scaled.jpg,/home/azureuser/katalog_500_images/004_papan_menu.jpg,https://uwitan.id/product/papan-menu/
Jamur Mini Basket,Home Decor & Living,Rp 145.000,15 × 15 × 15 cm,1 kg,Natural – Red,Rattan,NC Lacquer,Assembled / Knockdown,,https://uwitan.id/wp-content/uploads/2021/02/1-aksesoris-jamur-mini-basket.jpeg,/home/azureuser/katalog_500_images/005_jamur_mini_basket.jpeg,https://uwitan.id/product/jamur-mini-basket/
Tigo Keychain,Home Decor & Living,Rp 9.900,"7,5 × 5,5 × 2 cm",1 kg,Natural,Pine Wood,NC Lacquer,Assembled / Knockdown,,https://uwitan.id/wp-content/uploads/2025/10/IMG_7785-min.jpeg,/home/azureuser/katalog_500_images/006_tigo_keychain.jpeg,https://uwitan.id/product/tigo-keychain/
Kitchen Shelf Natural,Rak & Storage,Rp 2.450.000,"59 × 46 × 111,5 cm","70,6 kg",Full Natural,Pine Wood,NC Lacquer,Assembled / Knockdown,,https://uwitan.id/wp-content/uploads/2018/06/1-furniture-rak-kitchen-shelf-natural.jpg,/home/azureuser/katalog_500_images/007_kitchen_shelf_natural.jpg,https://uwitan.id/product/kitchen-shelf-natural/
Kalender Uwitan 2026,Home Decor & Living,Rp 185.000,"27 × 8,5 × 20 cm",N/A,Natural,"Pine Wood, Recycle Polimer Sheet",NC Lacquer / Natural,Full Assembly,,https://uwitan.id/wp-content/uploads/2023/01/IMG_0061-min.jpeg,/home/azureuser/katalog_500_images/008_kalender_uwitan_2026.jpeg,https://uwitan.id/product/eco-calendar-uwitan-2023/
Wall Decor – Set A Isi 3pcs,Home Decor & Living,Rp 369.000,61 × 61 × 8 cm,25 kg,Full Natural,Rattan,NC Lacquer / Natural,Full Assembly,,https://uwitan.id/wp-content/uploads/2026/02/IMG_1908.jpg,/home/azureuser/katalog_500_images/009_wall_decor___set_a_isi_3pcs.jpg,https://uwitan.id/product/wall-decor-set-a-isi-3pcs/
Wall Decor – Set D Isi 4pcs,Home Decor & Living,Rp 495.000,61 × 61 × 10 cm,30 kg,Full Natural,Rattan,NC Lacquer / Natural,Full Assembly,,https://uwitan.id/wp-content/uploads/2026/02/IMG_1884.jpg,/home/azureuser/katalog_500_images/010_wall_decor___set_d_isi_4pcs.jpg,https://uwitan.id/product/wall-decor-set-d-isi-4pcs/
Wall Decor – Set 5 Isi 6pcs,Home Decor & Living,Rp 695.000,60 × 2 × 60 cm,-,Natural Wood,Kayu Solid,NC Lacquer / Natural,Assembled / Knockdown,,https://uwitan.id/wp-content/uploads/2025/12/IMG_1839.jpg,/home/azureuser/katalog_500_images/011_wall_decor___set_5_isi_6pcs.jpg,https://uwitan.id/product/wall-decor-uwitan/
Wall Decor – Set B Isi 3pcs,Home Decor & Living,Rp 325.000,51 × 51 × 8 cm,25 kg,Full Natural,Rattan,NC Lacquer / Natural,Full Assembly,,https://uwitan.id/wp-content/uploads/2026/02/IMG_1927.jpg,/home/azureuser/katalog_500_images/012_wall_decor___set_b_isi_3pcs.jpg,https://uwitan.id/product/wall-decor-set-b-isi-3pcs/
Wall Decor – Set C Isi 3pcs,Home Decor & Living,Rp 325.000,46 × 46 × 8 cm,25 kg,Full Natural,Rattan,NC Lacquer / Natural,Full Assembly,,https://uwitan.id/wp-content/uploads/2026/02/IMG_1901.jpg,/home/azureuser/katalog_500_images/013_wall_decor___set_c_isi_3pcs.jpg,https://uwitan.id/product/wall-decor-set-c-isi-3pcs/
Robobox Natural,Home Decor & Living,Rp 325.000,28 × 14 × 20 cm,"5,89 kg",Full Natural,"Pine Wood, Plywood",NC Lacquer,Assembled / Knockdown,,https://uwitan.id/wp-content/uploads/2017/12/1-furniture-aksesoris-robobox-natural.jpg,/home/azureuser/katalog_500_images/014_robobox_natural.jpg,https://uwitan.id/product/robobox-natural/
Nine Interphone Natural White,Home Decor & Living,Rp 325.000,30 × 10 × 33 cm,"5,733333333 kg",White – Natural,Pine Wood,NC Lacquer,Assembled / Knockdown,,https://uwitan.id/wp-content/uploads/2017/12/1-furniture-aksesoris-nine-interphone-natural-white.jpg,/home/azureuser/katalog_500_images/015_nine_interphone_natural_white.jpg,https://uwitan.id/product/nine-interphone-natural-white/
Wooden Snack Box Natural White,Home Decor & Living,Rp 385.000,42 × 28 × 22 cm,"11,74833333 kg",White – Natural,Pine Wood,NC Lacquer,Assembled / Knockdown,,https://uwitan.id/wp-content/uploads/2017/12/furniture-aksesoris-wooden-snack-box-nw-1.jpg,/home/azureuser/katalog_500_images/016_wooden_snack_box_natural_white.jpg,https://uwitan.id/product/wooden-snack-box-natural-white/
Single Hook Natural,Home Decor & Living,Rp 295.000,80 × 15 × 20 cm,"11,25 kg",Full Natural,Pine Wood,NC Lacquer,Assembled / Knockdown,,https://uwitan.id/wp-content/uploads/2017/12/1-Furniture-Single-Hook-Natural-Uwitan.jpg,/home/azureuser/katalog_500_images/017_single_hook_natural.jpg,https://uwitan.id/product/single-hook-natural/
Wooden Tray Large,Home Decor & Living,Rp 215.000,50 × 25 × 2 cm,"4,2 kg",Full Natural,Pine Wood,NC Lacquer,Assembled / Knockdown,,https://uwitan.id/wp-content/uploads/2017/12/3-Furniture-Wooden-Tray-Large.jpg,/home/azureuser/katalog_500_images/018_wooden_tray_large.jpg,https://uwitan.id/product/wooden-tray-large/
Standing Handphone White,Rak & Storage,Rp 55.000,7 × 11 × 17 cm,1 kg,Full White,Pine Wood,NC Lacquer,Full Assembly,,https://uwitan.id/wp-content/uploads/2017/12/1-Aksesoris-Standing-Handphone-Full-White-uwitan.jpg,/home/azureuser/katalog_500_images/019_standing_handphone_white.jpg,https://uwitan.id/product/standing-handphone-white/
Bench Industrial Black,Kursi & Bangku,Rp 985.000,80 × 30 × 50 cm,36 kg,Black – Natural,"Metal, Pine Wood",NC Lacquer,Assembled / Knockdown,,https://uwitan.id/wp-content/uploads/2017/12/1.-Furniture-Bench-Bench-Industrial-Black.jpg,/home/azureuser/katalog_500_images/020_bench_industrial_black.jpg,https://uwitan.id/product/bench-industrial-black/
Simple Side Table Natural,Meja & Konsol,Rp 1.100.000,40 × 30 × 55 cm,"21,67 kg",Full Natural,Pine Wood,NC Lacquer,Assembled / Knockdown,,https://uwitan.id/wp-content/uploads/2018/06/furniture-simple-side-table-natural-2.webp,/home/azureuser/katalog_500_images/021_simple_side_table_natural.webp,https://uwitan.id/product/simple-side-table-natural/
Set Bangku Teras Natural White,Home Decor & Living,Rp 1.500.000,Custom,"94,4 kg",White – Natural,Pine Wood,NC Lacquer,Assembled / Knockdown,,https://uwitan.id/wp-content/uploads/2018/05/1-Furniture-Set-Bangku-Teras-Natural-White-Uwitan.jpg,/home/azureuser/katalog_500_images/022_set_bangku_teras_natural_white.jpg,https://uwitan.id/product/set-bangku-teras-natural-white/
Rak Miguna 3 Tingkat – Rak Tingkat Serbaguna,Rak & Storage,Rp 585.000,67 × 27 × 77 cm,"38,675 kg",Full Natural,Pine Wood,NC Lacquer,Assembled / Knockdown,,https://uwitan.id/wp-content/uploads/2018/05/Rak-Miguna-3-Tingkat-Single-3-1.jpg,/home/azureuser/katalog_500_images/023_rak_miguna_3_tingkat___rak_tingkat.jpg,https://uwitan.id/product/rak-miguna-3-tingkat/
Flower Stand,Rak & Storage,Rp 825.000,43 × 6 × 149 cm,"25,5 kg",Full Natural,Pine Wood,NC Lacquer,Assembled / Knockdown,,https://uwitan.id/wp-content/uploads/2018/05/1-furniture-rak-flower-stand.jpg,/home/azureuser/katalog_500_images/024_flower_stand.jpg,https://uwitan.id/product/flower-stand/
1 Drawer Solid,Lemari & Laci,Rp 925.000,39 × 30 × 54 cm,"19,6 kg",Full Natural,Pine Wood,NC Lacquer,Full Assembly,,https://uwitan.id/wp-content/uploads/2018/05/FURNITURE-RAK-1-DRAWER-SOLID-1-scaled.jpg,/home/azureuser/katalog_500_images/025_1_drawer_solid.jpg,https://uwitan.id/product/1-drawer-solid/
Tray Storage,Home Decor & Living,Rp 320.000,42 × 28 × 11 cm,"6,042 kg",Full Natural,"Pine Wood, Plywood",NC Lacquer,Assembled / Knockdown,,https://uwitan.id/wp-content/uploads/2018/05/1-Furniture-Tray-Storage-Uwitan.jpg,/home/azureuser/katalog_500_images/026_tray_storage.jpg,https://uwitan.id/product/tray-storage/
Round Chair Natural,Kursi & Bangku,Rp 925.000,42 × 50 × 86 cm,"46,2 kg",White – Natural,Pine Wood,NC Lacquer,Assembled / Knockdown,,https://uwitan.id/wp-content/uploads/2018/06/1-furniture-kursi-round-chair-natural.jpg,/home/azureuser/katalog_500_images/027_round_chair_natural.jpg,https://uwitan.id/product/round-chair-natural/
Sponge Chair Natural,Kursi & Bangku,Rp 985.000,43 × 53 × 85 cm,"46,15 kg",Full Natural,"Pine Wood, Premium Sponge",NC Lacquer,Assembled / Knockdown,,https://uwitan.id/wp-content/uploads/2018/06/furniture-kursi-sponge-chair.jpg,/home/azureuser/katalog_500_images/028_sponge_chair_natural.jpg,https://uwitan.id/product/sponge-chair-natural/
Classic Chair Natural,Kursi & Bangku,Rp 985.000,"42 × 49,5 × 86 cm","46,2 kg",Full Natural,Pine Wood,NC Lacquer,Assembled / Knockdown,,https://uwitan.id/wp-content/uploads/2018/06/1.-Furniture-Kursi-Classic-Chair-Natural.jpeg,/home/azureuser/katalog_500_images/029_classic_chair_natural.jpeg,https://uwitan.id/product/classic-chair-natural/
Rak Miguna 2 Tingkat – Rak Tingkat Serbaguna,Rak & Storage,Rp 485.000,67 × 27 × 47 cm,"27,4 kg",Full Natural,Pine Wood,NC Lacquer,Assembled / Knockdown,,https://uwitan.id/wp-content/uploads/2018/05/1-furniture-rak-miguna-2-tingkat.jpg,/home/azureuser/katalog_500_images/030_rak_miguna_2_tingkat___rak_tingkat.jpg,https://uwitan.id/product/rak-miguna-2-tingkat/
Cakra Arm Chair 1 Seater,Kursi & Bangku,Rp 985.000,60 × 60 × 79 cm,"72,7 kg",Full Natural,"Foam, Rattan",NC Lacquer,Assembled / Knockdown,,https://uwitan.id/wp-content/uploads/2018/01/1-furniture-kursi-cakra-arm-chair.jpg,/home/azureuser/katalog_500_images/031_cakra_arm_chair_1_seater.jpg,https://uwitan.id/product/cakra-arm-chair-1-seater/
Bench 2 Drawer,Kursi & Bangku,Rp 1.850.000,90 × 33 × 45 cm,"39,4 kg",Full Natural,"Pine Wood, Plywood",NC Lacquer,Assembled / Knockdown,,https://uwitan.id/wp-content/uploads/2018/05/1.-Furniture-Kursi-Bench-2-Drawer.jpeg,/home/azureuser/katalog_500_images/032_bench_2_drawer.jpeg,https://uwitan.id/product/bench-2-drawer/
Rak Dinding Panel Natural White,Rak & Storage,Rp 495.000,80 × 16 × 53 cm,"21,7 kg",White – Natural,"Pine Wood, Plywood",NC Lacquer,Assembled / Knockdown,,https://uwitan.id/wp-content/uploads/2018/05/1.jpg,/home/azureuser/katalog_500_images/033_rak_dinding_panel_natural_white.jpg,https://uwitan.id/product/rak-dinding-panel-natural-white/
Stool L Natural,Kursi & Bangku,Rp 520.000,30 × 30 × 56 cm,"16,9 kg",Full Natural,Pine Wood,NC Lacquer,Assembled / Knockdown,,https://uwitan.id/wp-content/uploads/2018/06/1-Furniture-Stool-L-Natural-Uwitan.jpg,/home/azureuser/katalog_500_images/034_stool_l_natural.jpg,https://uwitan.id/product/stool-l-natural/
Sketsel Vitrage New Natural,Home Decor & Living,Rp 1.650.000,45 × 11 × 165 cm,"33,6875 kg",Full Natural,Pine Wood,NC Lacquer,Assembled / Knockdown,,https://uwitan.id/wp-content/uploads/2018/06/1-Aksesoris-Sketsel-Vitrage-New-Natural.jpg,/home/azureuser/katalog_500_images/035_sketsel_vitrage_new_natural.jpg,https://uwitan.id/product/sketsel-vitrage-new-natural/
Oval Tea Table Brown,Meja & Konsol,Rp 1.450.000,80 × 45 × 40 cm,"41,25 kg",Brown,Pine Wood,NC Lacquer,Assembled / Knockdown,,https://uwitan.id/wp-content/uploads/2018/06/SAM0086.jpg,/home/azureuser/katalog_500_images/036_oval_tea_table_brown.jpg,https://uwitan.id/product/oval-tea-table-brown/
3×1 Drawer Solid Brown,Lemari & Laci,Rp 2.350.000,114 × 30 × 53 cm,"52,1 kg",Brown,Pine Wood,NC Lacquer,Full Assembly,,https://uwitan.id/wp-content/uploads/2018/06/1.-Furniture-Rak-3x1-Drawer-Solid-Brown.jpeg,/home/azureuser/katalog_500_images/037_3_1_drawer_solid_brown.jpeg,https://uwitan.id/product/3x1-drawer-solid-brown/
Bench Sponge L Cream,Kursi & Bangku,Rp 1.450.000,130 × 32 × 45 cm,"53,9 kg",Full Natural,"Pine Wood, Premium Sponge",NC Lacquer,Assembled / Knockdown,,https://uwitan.id/wp-content/uploads/2018/06/1.-Furniture-Bench-Bench-Sponge-L-Cream.jpg,/home/azureuser/katalog_500_images/038_bench_sponge_l_cream.jpg,https://uwitan.id/product/bench-sponge-l-cream/
Rak Dinding Rumah Natural White,Rak & Storage,Rp 420.000,75 × 15 × 51 cm,"21,7875 kg",White – Natural,Pine Wood,NC Lacquer,Assembled / Knockdown,,https://uwitan.id/wp-content/uploads/2018/05/Furniture-aksesoris-rak-dinding-rumah-nw-5.jpeg,/home/azureuser/katalog_500_images/039_rak_dinding_rumah_natural_white.jpeg,https://uwitan.id/product/rak-dinding-rumah-natural-white/
Rak Dinding Panel Natural,Rak & Storage,Rp 495.000,80 × 16 × 53 cm,"23,625 kg",Full Natural,Pine Wood,NC Lacquer,Assembled / Knockdown,,https://uwitan.id/wp-content/uploads/2018/05/IMG_5217.jpg,/home/azureuser/katalog_500_images/040_rak_dinding_panel_natural.jpg,https://uwitan.id/product/rak-dinding-panel-natural/
Squarebob Natural,Home Decor & Living,Rp 170.000,16 × 14 × 21 cm,"3,125 kg",Full Natural,Pine Wood,NC Lacquer,Assembled / Knockdown,,https://uwitan.id/wp-content/uploads/2017/12/1-aksesoris-squarebob-natural.jpg,/home/azureuser/katalog_500_images/041_squarebob_natural.jpg,https://uwitan.id/product/squarebob-natural/
Squarebob Natural White,Home Decor & Living,Rp 170.000,16 × 14 × 21 cm,"3,125 kg",Natural – White,Pine Wood,NC Lacquer,Assembled / Knockdown,,https://uwitan.id/wp-content/uploads/2018/01/1-Aksesoris-Squarebob-Tissue-Box-Natural-White-uwitan.jpg,/home/azureuser/katalog_500_images/042_squarebob_natural_white.jpg,https://uwitan.id/product/squarebob-natural-white/
Salami Meja Kerja 2 Laci Natural,Meja & Konsol,Rp 3.200.000,140 × 45 × 75 cm,"120,8 kg",Full Natural,Pine Wood,NC Lacquer,Assembled / Knockdown,,https://uwitan.id/wp-content/uploads/2020/06/1-Furnitiure-Salami-Meja-Kerja-2-Laci-Natural.jpg,/home/azureuser/katalog_500_images/043_salami_meja_kerja_2_laci_natural.jpg,https://uwitan.id/product/salami-meja-kerja-2-laci-natural/
Ambalan U Natural,Home Decor & Living,Rp 225.000,60 × 15 × 10 cm,"6,3 kg",Full Natural,Pine Wood,NC Lacquer,Assembled / Knockdown,,https://uwitan.id/wp-content/uploads/2018/08/1-furniture-rak-ambalan-u-natural.jpg,/home/azureuser/katalog_500_images/044_ambalan_u_natural.jpg,https://uwitan.id/product/ambalan-u-natural/
Estu Vanity Mirror Natural,Cermin & Dekorasi Dinding,Rp 985.000,56 × 16 × 67 cm,22 kg,Full Natural,"Pine Wood, Plywood",NC Lacquer,Assembled / Knockdown,,https://uwitan.id/wp-content/uploads/2019/01/1-Furniture-Cermin-Estu-Vanity-Mirror-Natural.jpg,/home/azureuser/katalog_500_images/045_estu_vanity_mirror_natural.jpg,https://uwitan.id/product/estu-vanity-mirror-natural/
Set Salami Rak Tangga,Rak & Storage,Rp 2.150.000,65 × 30 × 188 cm,"118,5 kg",Full Natural,"Pine Wood, Plywood, Stailess Steel",NC Lacquer,Assembled / Knockdown,,https://uwitan.id/wp-content/uploads/2019/01/DSC01894-copy-scaled.jpg,/home/azureuser/katalog_500_images/046_set_salami_rak_tangga.jpg,https://uwitan.id/product/set-salami-rak-tangga/
Kinata Hanger Shelf Natural White,Rak & Storage,Rp 2.350.000,76 × 40 × 197 cm,57 kg,Natural – White,"Pine Wood, Plywood",NC Lacquer,Assembled / Knockdown,,https://uwitan.id/wp-content/uploads/2019/01/1-furniture-rak-gantung-kinata-hanger-shelf-natural-white.jpg,/home/azureuser/katalog_500_images/047_kinata_hanger_shelf_natural_white.jpg,https://uwitan.id/product/kinata-hanger-shelf-natural-white/
Half Moon Rattan Chair Black,Kursi & Bangku,Rp 1.150.000,75 × 62 × 90 cm,"102,5 kg",Full Natural,"Metal, Rattan",NC Lacquer,Assembled / Knockdown,,https://uwitan.id/wp-content/uploads/2019/04/20190416_111558-copy.jpg,/home/azureuser/katalog_500_images/048_half_moon_rattan_chair_black.jpg,https://uwitan.id/product/half-moon-rattan-chair-black/
2×2 Book Case Natural,Home Decor & Living,Rp 2.650.000,72 × 30 × 89 cm,"73,3 kg",Full Natural,"Pine Wood, Plywood",NC Lacquer,Full Assembly,,https://uwitan.id/wp-content/uploads/2018/10/Bookcase-2x2-Natural-Set-1.jpg,/home/azureuser/katalog_500_images/049_2_2_book_case_natural.jpg,https://uwitan.id/product/2x2-book-case-natural/
Cakra Arm Chair 2 Seater,Kursi & Bangku,Rp 1.950.000,115 × 60 × 79 cm,"129,8 kg",Full Natural,"Foam, Rattan",NC Lacquer,Assembled / Knockdown,,https://uwitan.id/wp-content/uploads/2019/01/furniture-kursi-cakra-arm-chair-1.jpg,/home/azureuser/katalog_500_images/050_cakra_arm_chair_2_seater.jpg,https://uwitan.id/product/cakra-arm-chair-2-seater/
Nine Interphone Natural,Home Decor & Living,Rp 325.000,30 × 10 × 33 cm,"5,7 kg",Full Natural,Pine Wood,NC Lacquer,Assembled / Knockdown,,https://uwitan.id/wp-content/uploads/2018/10/SAM8976-1.jpg,/home/azureuser/katalog_500_images/051_nine_interphone_natural.jpg,https://uwitan.id/product/nine-interphone-natural/
1×2 Drawer Solid Small,Lemari & Laci,Rp 1.350.000,39 × 35 × 60 cm,23 kg,Full Natural,Pine Wood,NC Lacquer,Full Assembly,,https://uwitan.id/wp-content/uploads/2018/11/furniture-1x2-drawer-solid-small-3.webp,/home/azureuser/katalog_500_images/052_1_2_drawer_solid_small.webp,https://uwitan.id/product/1x2-drawer-solid-small/
Miguna Box S,Home Decor & Living,Rp 245.000,"42,5 × 28 × 15 cm",9 kg,Full Natural,Pine Wood,NC Lacquer,Assembled / Knockdown,,https://uwitan.id/wp-content/uploads/2018/11/1-furniture-aksesoris-miguna-box-s.jpg,/home/azureuser/katalog_500_images/053_miguna_box_s.jpg,https://uwitan.id/product/miguna-box-s/
Sketsel Vitrage New Large White,Home Decor & Living,Rp 2.450.000,230 × 23 × 195 cm,"53,6 kg",Full White,"Pine Wood, Plywood, Vitrage",NC Lacquer,Assembled / Knockdown,,https://uwitan.id/wp-content/uploads/2019/01/1-Aksesoris-Sketsel-Vitrage-New-Large-White.jpg,/home/azureuser/katalog_500_images/054_sketsel_vitrage_new_large_white.jpg,https://uwitan.id/product/sketsel-vitrage-new-large-white/
Sketsel Vitrage Natural,Home Decor & Living,Rp 1.450.000,130 × 23 × 165 cm,"33,68 kg",Full Natural,"Pine Wood, Vitrage",NC Lacquer,Assembled / Knockdown,,https://uwitan.id/wp-content/uploads/2018/07/1-Aksesoris-Sketsel-Vitrage-Natural-Uwitan.jpg,/home/azureuser/katalog_500_images/055_sketsel_vitrage_natural.jpg,https://uwitan.id/product/sketsel-vitrage-natural/
Standing Mirror White,Rak & Storage,Rp 1.150.000,50 × 5 × 150 cm,24 kg,Full White,"Mirror, Pine Wood, Plywood",NC Lacquer,Assembled / Knockdown,,https://uwitan.id/wp-content/uploads/2018/12/1-Furniture-Standing-Mirror-White-Uwitan.jpg,/home/azureuser/katalog_500_images/056_standing_mirror_white.jpg,https://uwitan.id/product/standing-mirror-white/
Asoka Tray,Home Decor & Living,Rp 135.000,41 × 41 × 5 cm,-,Full Natural,Rattan,NC Lacquer,Full Assembly,,https://uwitan.id/wp-content/uploads/2023/03/CHO04443-scaled.jpg,/home/azureuser/katalog_500_images/057_asoka_tray.jpg,https://uwitan.id/product/asoka-tray/
Ona Tray,Home Decor & Living,Rp 225.000,"34,5 × 34,5 × 5,5 cm",3 kg,Full Natural,Rattan,NC Lacquer,Full Assembly,,https://uwitan.id/wp-content/uploads/2025/03/CHO04444-1.jpg,/home/azureuser/katalog_500_images/058_ona_tray.jpg,https://uwitan.id/product/ona-tray/
Salami Rak Toilet,Rak & Storage,Rp 1.250.000,65 × 40 × 184 cm,"111,23 kg",Full Natural,Pine Wood,NC Lacquer,Assembled / Knockdown,,https://uwitan.id/wp-content/uploads/2018/10/1-Furniture-Salami-Rak-Toilet-Uwitan.jpg,/home/azureuser/katalog_500_images/059_salami_rak_toilet.jpg,https://uwitan.id/product/salami-rak-toilet/
Rak Buku Slim 3 Tingkat,Rak & Storage,Rp 985.000,"80 × 10,5 × 100 cm","32,3 kg",Full Natural,"Pine Wood, Plywood",NC Lacquer,Assembled / Knockdown,,https://uwitan.id/wp-content/uploads/2018/11/1-furniture-rak-buku-slim-3-tingkat.jpg,/home/azureuser/katalog_500_images/060_rak_buku_slim_3_tingkat.jpg,https://uwitan.id/product/rak-buku-slim-3-tingkat/
Ladder Shelf Natural,Rak & Storage,Rp 425.000,"41,5 × 43 × 75 cm","18,8 kg",Full Natural,Pine Wood,NC Lacquer,Assembled / Knockdown,,https://uwitan.id/wp-content/uploads/2025/12/IMG_5590-scaled.jpg,/home/azureuser/katalog_500_images/061_ladder_shelf_natural.jpg,https://uwitan.id/product/ladder-shelf-natural/
Standing Hanger Round,Rak & Storage,Rp 450.000,55 × 55 × 160 cm,15 kg,"Brown, Full Natural",Mahogany Wood,NC Lacquer,Knockdown,,https://uwitan.id/wp-content/uploads/2024/09/IMG_7635-2-min-scaled.jpg,/home/azureuser/katalog_500_images/062_standing_hanger_round.jpg,https://uwitan.id/product/standing-hanger-round-2/
Vintage Bread Box Natural White,Home Decor & Living,Rp 350.000,50 × 25 × 20 cm,"14,23 kg",White – Natural,"Metal, Pine Wood",NC Lacquer,Assembled / Knockdown,,https://uwitan.id/wp-content/uploads/2017/12/1-furniture-aksesoris-vintage-breadbox-natural-white.jpg,/home/azureuser/katalog_500_images/063_vintage_bread_box_natural_white.jpg,https://uwitan.id/product/vintage-bread-box-natural-white/
Slide Box Natural White,Home Decor & Living,Rp 350.000,40 × 27 × 20 cm,"8,75 kg",White – Natural,"MDF, Pine Wood",NC Lacquer,Assembled / Knockdown,,https://uwitan.id/wp-content/uploads/2017/12/1-furniture-aksesoris-slide-box-natural-white.jpg,/home/azureuser/katalog_500_images/064_slide_box_natural_white.jpg,https://uwitan.id/product/slide-box-natural-white/
Elephant Pen Holder,Home Decor & Living,Rp 90.000,10 × 16 × 10 cm,3 kg,Full Natural,Pine Wood,NC Lacquer,Assembled / Knockdown,,https://uwitan.id/wp-content/uploads/2018/07/1.-Furniture-Aksesoris-Elephant-Pen-Holder.jpg,/home/azureuser/katalog_500_images/065_elephant_pen_holder.jpg,https://uwitan.id/product/elephant-pen-holder/
Salami Stool – Bangku Makan Minimalis,Kursi & Bangku,Rp 420.000,29 × 29 × 44 cm,"13,9 kg",Full Natural,Pine Wood,NC Lacquer,Assembled / Knockdown,,https://uwitan.id/wp-content/uploads/2019/01/1-Furniture-Salami-Stool-Uwitan.jpg,/home/azureuser/katalog_500_images/066_salami_stool___bangku_makan_minimal.jpg,https://uwitan.id/product/salami-stool/
Melati Rattan Tray Natural,Home Decor & Living,Rp 350.000,48 × 36 × 11 cm,"5,7 kg",Full Natural,Rattan,NC Lacquer,Assembled / Knockdown,,https://uwitan.id/wp-content/uploads/2020/09/1-furniture-aksesoris-melati-rattan-tray-natural.jpg,/home/azureuser/katalog_500_images/067_melati_rattan_tray_natural.jpg,https://uwitan.id/product/melati-rattan-tray-natural/
Cakra Mini Round Table,Meja & Konsol,Rp 485.000,40 × 40 × 48 cm,"23,3 kg",Full Natural,Rattan,NC Lacquer,Assembled / Knockdown,,https://uwitan.id/wp-content/uploads/2019/01/1.-Furniture-Meja-Cakra-Mini-Round-Table.jpg,/home/azureuser/katalog_500_images/068_cakra_mini_round_table.jpg,https://uwitan.id/product/cakra-mini-round-table/
Rotan Ikan,Home Decor & Living,Rp 365.000,49 × 60 × 40 cm,"30,4 kg",Full Natural,Rattan,NC Lacquer,Assembled / Knockdown,,https://uwitan.id/wp-content/uploads/2018/07/1-furniture-aksesoris-rotan-ikan.jpg,/home/azureuser/katalog_500_images/069_rotan_ikan.jpg,https://uwitan.id/product/rotan-ikan/
Melati Rattan Tray Round Natural,Home Decor & Living,Rp 385.000,45 × 45 × 15 cm,"8,3 kg",Full Natural,Rattan,NC Lacquer,Assembled / Knockdown,,https://uwitan.id/wp-content/uploads/2020/09/1-furniture-aksesoris-melati-rattan-tray-round-natural.jpg,/home/azureuser/katalog_500_images/070_melati_rattan_tray_round_natural.jpg,https://uwitan.id/product/melati-rattan-tray-round-natural/
Rotan Kucing,Home Decor & Living,Rp 345.000,50 × 40 × 50 cm,32 kg,Full Natural,Rattan,NC Lacquer,Assembled / Knockdown,,https://uwitan.id/wp-content/uploads/2018/07/Rotan-Kucing-02.jpg,/home/azureuser/katalog_500_images/071_rotan_kucing.jpg,https://uwitan.id/product/rotan-kucing/
Kitchen Shelf Natural White,Rak & Storage,Rp 2.450.000,"59 × 46 × 111,5 cm","136,7 kg",White – Natural,Pine Wood,NC Lacquer,Assembled / Knockdown,,https://uwitan.id/wp-content/uploads/2018/07/1-furniture-kitchen-shelf-natural-white.jpg,/home/azureuser/katalog_500_images/072_kitchen_shelf_natural_white.jpg,https://uwitan.id/product/kitchen-shelf-natural-white/
TV Table U,Meja & Konsol,Rp 2.350.000,100 × 35 × 45 cm,"45,4 kg",Full Natural,"Pine Wood, Plywood",NC Lacquer,Assembled / Knockdown,,https://uwitan.id/wp-content/uploads/2019/01/1-Furniture-TV-Table-U-Uwitan.jpg,/home/azureuser/katalog_500_images/073_tv_table_u.jpg,https://uwitan.id/product/tv-table-u/
Folding Hook Natural White,Home Decor & Living,Rp 150.000,60 × 10 × 32 cm,4 kg,Full Natural,Pine Wood,NC Lacquer,Assembled / Knockdown,,https://uwitan.id/wp-content/uploads/2018/07/1-furniture-aksesoris-folding-hook-natural-white.jpeg,/home/azureuser/katalog_500_images/074_folding_hook_natural_white.jpeg,https://uwitan.id/product/folding-hook-natural-white/
Slide Box Natural,Home Decor & Living,Rp 350.000,40 × 27 × 20 cm,"8,7 kg",Full Natural,"Pine Wood, Plywood",NC Lacquer,Assembled / Knockdown,,https://uwitan.id/wp-content/uploads/2020/03/1-Aksesoris-Slide-Box-Full-Natural.jpg,/home/azureuser/katalog_500_images/075_slide_box_natural.jpg,https://uwitan.id/product/slide-box-natural/
Sketsel Vitrage New Large Natural,Home Decor & Living,Rp 2.450.000,230 × 23 × 185 cm,"53,6 kg",Full Natural,"Mindi Wood, Plywood, Vitrage",NC Lacquer,Assembled / Knockdown,,https://uwitan.id/wp-content/uploads/2019/01/IMG_6668-scaled.jpg,/home/azureuser/katalog_500_images/076_sketsel_vitrage_new_large_natural.jpg,https://uwitan.id/product/sketsel-vitrage-new-large-natural/
Alana Sofa 1 Seater,Kursi & Bangku,Rp 3.550.000,75 × 80 × 80 cm,"114,8 kg",Full Natural,"Pine Wood, Premium Foam",NC Lacquer,Assembled / Knockdown,,https://uwitan.id/wp-content/uploads/2018/08/1.-Furniture-Kursi-Alana-Sofa-1-Seater.jpg,/home/azureuser/katalog_500_images/077_alana_sofa_1_seater.jpg,https://uwitan.id/product/alana-sofa-1-seater/
Estu Vanity Mirror Natural White,Cermin & Dekorasi Dinding,Rp 985.000,56 × 16 × 67 cm,22 kg,Natural – White,"Pine Wood, Plywood",NC Lacquer,Assembled / Knockdown,,https://uwitan.id/wp-content/uploads/2019/01/1-Furniture-Cermin-Estu-Vanity-Mirror-Natural-White.jpeg,/home/azureuser/katalog_500_images/078_estu_vanity_mirror_natural_white.jpeg,https://uwitan.id/product/estu-vanity-mirror-natural-white/
Rak Sudut,Rak & Storage,Rp 985.000,30 × 30 × 85 cm,"25,3 kg",Full Natural,Pine Wood,NC Lacquer,Assembled / Knockdown,,https://uwitan.id/wp-content/uploads/2018/08/CHO03454-scaled.jpg,/home/azureuser/katalog_500_images/079_rak_sudut.jpg,https://uwitan.id/product/rak-sudut/
Meja Konsol 1 Laci Coak,Meja & Konsol,Rp 2.250.000,90 × 40 × 75 cm,"70,8 kg",Full Natural,"Pine Wood, Plywood",NC Lacquer,Assembled / Knockdown,,https://uwitan.id/wp-content/uploads/2019/02/1-furniture-meja-konsol-1-laci-coak.jpeg,/home/azureuser/katalog_500_images/080_meja_konsol_1_laci_coak.jpeg,https://uwitan.id/product/meja-konsol-1-laci-coak/
Brianna 1 Drawer 2 Basket,Lemari & Laci,Rp 1.300.000,35 × 35 × 75 cm,"28,7 kg",Natural – White,"Mahogany Wood, MDF, Mindi Wood, Rattan",NC Lacquer,Assembled / Knockdown,,https://uwitan.id/wp-content/uploads/2018/10/IMG_9537-scaled.jpg,/home/azureuser/katalog_500_images/081_brianna_1_drawer_2_basket.jpg,https://uwitan.id/product/brianna-1-drawer-2-basket/
Mirror M Natural,Cermin & Dekorasi Dinding,Rp 825.000,80 × 60 × 5 cm,16 kg,Full Natural,"Mirror, Pine Wood",NC Lacquer,Assembled / Knockdown,,https://uwitan.id/wp-content/uploads/2018/09/DSCF0575-1-1.jpg,/home/azureuser/katalog_500_images/082_mirror_m_natural.jpg,https://uwitan.id/product/mirror-m/
Meja Kerja 1 Laci,Meja & Konsol,Rp 2.650.000,120 × 60 × 75 cm,"128,9 kg",Full Natural,Pine Wood,NC Lacquer,Assembled / Knockdown,,https://uwitan.id/wp-content/uploads/2018/11/Furniture-Meja-Kerja-1-Laci.jpg,/home/azureuser/katalog_500_images/083_meja_kerja_1_laci.jpg,https://uwitan.id/product/meja-kerja-1-laci/
Ladder Hanger L,Rak & Storage,Rp 450.000,90 × 4 × 180 cm,"7,5 kg",Light Brown,Mahogany Wood,NC Lacquer,Assembled / Knockdown,,https://uwitan.id/wp-content/uploads/2020/02/furniture-aksesoris-ladder-hanger-L.jpg,/home/azureuser/katalog_500_images/084_ladder_hanger_l.jpg,https://uwitan.id/product/ladder-hanger-l/
Book Case 5 Tingkat White,Home Decor & Living,Rp 1.650.000,64 × 32 × 140 cm,"79,8 kg",Full White,Pine Wood,NC Lacquer,Assembled / Knockdown,,https://uwitan.id/wp-content/uploads/2018/07/1-furniture-rak-book-case-5-tingkat-white.jpg,/home/azureuser/katalog_500_images/085_book_case_5_tingkat_white.jpg,https://uwitan.id/product/book-case-5-tingkat-white/
Stool S White,Kursi & Bangku,Rp 450.000,"30 × 30 × 41,5 cm","14,3 kg",Natural – White,Pine Wood,NC Lacquer,Assembled / Knockdown,,https://uwitan.id/wp-content/uploads/2018/09/1-Furniture-Stool-S-White.jpg,/home/azureuser/katalog_500_images/086_stool_s_white.jpg,https://uwitan.id/product/stool-s-white/
Tobo Stool,Kursi & Bangku,Rp 685.000,"30,5 × 30 × 46 cm",22 kg,Green – Natural,Pine Wood,NC Lacquer,Full Assembly,,https://uwitan.id/wp-content/uploads/2024/10/IMG_1342-01-min-scaled.jpeg,/home/azureuser/katalog_500_images/087_tobo_stool.jpeg,https://uwitan.id/product/tube-stool/
Kisaku Sofa,Kursi & Bangku,Rp 2.850.000,75 × 85 × 85 cm,107 kg,Full Natural,Pine Wood,NC Lacquer,Assembled / Knockdown,,https://uwitan.id/wp-content/uploads/2020/04/2-furniture-kursi-kisaku-sofa.jpg,/home/azureuser/katalog_500_images/088_kisaku_sofa.jpg,https://uwitan.id/product/kisaku-sofa/
Salami Sofa Bed Headboard & Arm,Kursi & Bangku,Rp 9.850.000,165 × 80 × 50 cm,-,Natural,Pine Wood,NC Lacquer,Full Assembly,,https://uwitan.id/wp-content/uploads/2023/03/IMG_5801-scaled.jpg,/home/azureuser/katalog_500_images/089_salami_sofa_bed_headboard___arm.jpg,https://uwitan.id/product/salami-sofa-bed-headboard-arm/
Papasan,Home Decor & Living,Rp 1.350.000,115 × 115 × 89 cm,155 kg,Full Natural,"Foam, Rattan",NC Lacquer,Assembled / Knockdown,,https://uwitan.id/wp-content/uploads/2020/08/IMG_3067.jpg,/home/azureuser/katalog_500_images/090_papasan.jpg,https://uwitan.id/product/papasan/
Beranda Chair,Kursi & Bangku,Rp 685.000,59 × 55 × 85 cm,70 kg,"Natural, White","Rattan, Besi",NC Lacquer,Full Assembly,,https://uwitan.id/wp-content/uploads/2024/10/IMG_2756-01-min.jpeg,/home/azureuser/katalog_500_images/091_beranda_chair.jpeg,https://uwitan.id/product/beranda-chair/
Kagumi Chair Black,Kursi & Bangku,Rp 1.350.000,70 × 59 × 87 cm,"94,8 kg",Natural Wood,"Foam, Iron, Pine Wood",NC Lacquer,Assembled / Knockdown,,https://uwitan.id/wp-content/uploads/2019/09/furniture-kursi-kagumi-chair-black-1.jpg,/home/azureuser/katalog_500_images/092_kagumi_chair_black.jpg,https://uwitan.id/product/kagumi-chair-black/
Baden Chair,Kursi & Bangku,Rp 1.150.000,42 × 48 × 88 cm,-,Full Natural,Mindi Wood,NC Lacquer,Full Assembly,,https://uwitan.id/wp-content/uploads/2024/09/20240703125058_IMG_9300-01-scaled.jpeg,/home/azureuser/katalog_500_images/093_baden_chair.jpeg,https://uwitan.id/product/baden-chair/
Menjalin Sofa 1 Seater,Kursi & Bangku,Rp 1.650.000,107 × 93 × 82 cm,205 kg,Full Natural,Rattan,NC Lacquer,Full Assembly,,https://uwitan.id/wp-content/uploads/2024/10/IMG_2532-01-min.jpeg,/home/azureuser/katalog_500_images/094_menjalin_sofa_1_seater.jpeg,https://uwitan.id/product/menjalin-sofa-1-seater/
Brono Stool,Kursi & Bangku,Rp 385.000,38 × 38 × 45 cm,"16,4 kg","Brown, Natural",Teak Wood,NC Lacquer,Full Assembly,,https://uwitan.id/wp-content/uploads/2025/03/IMG_3675-01-min.jpeg,/home/azureuser/katalog_500_images/095_brono_stool.jpeg,https://uwitan.id/product/brono-stool/
Pita Kids Chair,Kursi & Bangku,Rp 460.000,45 × 31 × 65 cm,5 kg,Natural,Rattan,NC Lacquer,Full Assembly,,https://uwitan.id/wp-content/uploads/2024/09/CHO07210-1-min-scaled.jpg,/home/azureuser/katalog_500_images/096_pita_kids_chair.jpg,https://uwitan.id/product/pita-kids-chair/
Rantang Shelf Rotan Natural,Rak & Storage,Rp 745.000,40 × 40 × 80 cm,"29,6 kg",Full Natural,Rattan,NC Lacquer,Assembled / Knockdown,,https://uwitan.id/wp-content/uploads/2025/12/IMG_3544-scaled.jpg,/home/azureuser/katalog_500_images/097_rantang_shelf_rotan_natural.jpg,https://uwitan.id/product/rantang-shelf-rotan-natural/
Citra Arm Chair,Kursi & Bangku,Rp 925.000,66 × 60 × 82 cm,"73,1 kg",Full Natural,Rattan,NC Lacquer,Assembled / Knockdown,,https://uwitan.id/wp-content/uploads/2019/09/1.-Furniture-Kursi-Citra-Arm-Chair.jpg,/home/azureuser/katalog_500_images/098_citra_arm_chair.jpg,https://uwitan.id/product/citra-arm-chair/
Fitrit Bench – Bench Rotan dengan Penyimpanan,Kursi & Bangku,Rp 1.350.000,120 × 37 × 42 cm,80 kg,Full Natural,Rattan,NC Lacquer,Full Assembly,,https://uwitan.id/wp-content/uploads/2025/12/IMG_0640-01.jpeg,/home/azureuser/katalog_500_images/099_fitrit_bench___bench_rotan_dengan_p.jpeg,https://uwitan.id/product/fitrit-bench-bench-rotan-dengan-penyimpanan/
Bona Chair,Kursi & Bangku,Rp 1.100.000,45 × 45 × 85 cm,70 kg,Natural,Pine Wood,NC Lacquer,Full Assembly,,https://uwitan.id/wp-content/uploads/2025/11/IMG_0241-01-min.jpeg,/home/azureuser/katalog_500_images/100_bona_chair.jpeg,https://uwitan.id/product/bona-chair/
Lenggah Kursi Teras Set,Kursi & Bangku,Rp 3.450.000,113 × 65 × 78 cm,300 kg,"Natural, Black","Rattan, Besi",NC Lacquer / Natural,Full Assembly,,https://uwitan.id/wp-content/uploads/2025/12/IMG_8068-1.jpeg,/home/azureuser/katalog_500_images/101_lenggah_kursi_teras_set.jpeg,https://uwitan.id/product/lenggah-kursi-teras-set/
Harumi Stool,Kursi & Bangku,Rp 650.000,30 × 30 × 46 cm,"14,9 kg",Full Natural,"Pine Wood, Rattan",NC Lacquer,Assembled / Knockdown,,https://uwitan.id/wp-content/uploads/2020/02/1-furniture-kursi-harumi-stool.jpeg,/home/azureuser/katalog_500_images/102_harumi_stool.jpeg,https://uwitan.id/product/harumi-stool/
Bona Sofa,Kursi & Bangku,Rp 8.650.000,200 × 80 × 80 cm,-,Natural,Pine Wood,NC Lacquer,Full Assembly,,https://uwitan.id/wp-content/uploads/2025/06/20250312152608_IMG_3561-01-min.jpeg,/home/azureuser/katalog_500_images/103_bona_sofa.jpeg,https://uwitan.id/product/bona-sofa/
Sintesa Bench Green,Kursi & Bangku,Rp 1.450.000,115 × 52 × 81 cm,170 kg,Green,"Sintetis, Besi",NC Lacquer / Natural,Full Assembly,,https://uwitan.id/wp-content/uploads/2025/12/IMG_8149.jpeg,/home/azureuser/katalog_500_images/104_sintesa_bench_green.jpeg,https://uwitan.id/product/sintesa-bench-green/
Tobo Bench,Kursi & Bangku,Rp 2.400.000,160 × 33 × 45 cm,65 kg,Natural,Pine Wood,NC Lacquer,Full Assembly,,https://uwitan.id/wp-content/uploads/2025/06/IMG_0721-01-min.jpeg,/home/azureuser/katalog_500_images/105_tobo_bench.jpeg,https://uwitan.id/product/tobo-bench/
Single Sofa 196,Kursi & Bangku,Rp 7.400.000,196 × 85 × 75 cm,212 kg,"Full Natural, Grey","Pine Wood, Premium Sponge",NC Lacquer,Assembled / Knockdown,,https://uwitan.id/wp-content/uploads/2018/11/1-Furniture-Single-Sofa-196.jpg,/home/azureuser/katalog_500_images/106_single_sofa_196.jpg,https://uwitan.id/product/single-sofa-196/
Sagoya Chair,Kursi & Bangku,Rp 2.100.000,61 × 83 × 91 cm,"98,3 kg",Light Brown,"Rattan, Teak Wood",NC Lacquer,Assembled / Knockdown,,https://uwitan.id/wp-content/uploads/2020/06/5-furniture-kursi-sagoya-chair.jpg,/home/azureuser/katalog_500_images/107_sagoya_chair.jpg,https://uwitan.id/product/sagoya-chair/
Moku Stool,Kursi & Bangku,Rp 420.000,30 × 30 × 44 cm,20 kg,Full Natural,Pine Wood,NC Lacquer,Full Assembly,,https://uwitan.id/wp-content/uploads/2024/09/IMG_2073-01-min.jpeg,/home/azureuser/katalog_500_images/108_moku_stool.jpeg,https://uwitan.id/product/moku-stool/
Rak Susun Natural White,Rak & Storage,Rp 240.000,66 × 30 × 40 cm,"10,9 kg",White – Natural,"MDF, Pine Wood",NC Lacquer,Assembled / Knockdown,,https://uwitan.id/wp-content/uploads/2017/12/furniture-aksesoris-rak-susun-nw-1.jpg,/home/azureuser/katalog_500_images/109_rak_susun_natural_white.jpg,https://uwitan.id/product/rak-susun-natural-white/
Koru Chair,Kursi & Bangku,Rp 985.000,55 × 56 × 73 cm,"104,958 kg",Natural,"Metal, Rattan",NC Lacquer,Full Assembly,,https://uwitan.id/wp-content/uploads/2022/10/furniture-chair-koru-chair-1.jpg,/home/azureuser/katalog_500_images/110_koru_chair.jpg,https://uwitan.id/product/koru-chair/
Moto Chair,Kursi & Bangku,Rp 1.850.000,51 × 45 × 84 cm,78 kg,Brown,Teak Wood,NC Lacquer,Full Assembly,,https://uwitan.id/wp-content/uploads/2024/09/20240829135157_IMG_0023-01-min-scaled.jpeg,/home/azureuser/katalog_500_images/111_moto_chair.jpeg,https://uwitan.id/product/moto-chair/
Moon Rattan Chair,Kursi & Bangku,Rp 1.100.000,72 × 60 × 83 cm,"91,8 kg",Natural – Black,"Iron, Rattan",NC Lacquer,Assembled / Knockdown,,https://uwitan.id/wp-content/uploads/2019/09/furniture-kursi-moon-rattan-chair-3.jpg,/home/azureuser/katalog_500_images/112_moon_rattan_chair.jpg,https://uwitan.id/product/moon-rattan-chair/
Alana Sofa 3 Seater,Kursi & Bangku,Rp 7.850.000,200 × 80 × 80 cm,"283,5 kg",Full Natural,"Pine Wood, Premium Foam",NC Lacquer,Assembled / Knockdown,,https://uwitan.id/wp-content/uploads/2019/10/1.-Furniture-Kursi-Alana-Sofa-3-Seater.jpg,/home/azureuser/katalog_500_images/113_alana_sofa_3_seater.jpg,https://uwitan.id/product/alana-sofa-3-seater/
Tigo Chair,Kursi & Bangku,Rp 1.950.000,45 × 45 × 85 cm,82 kg,Brown,Teak Wood,NC Lacquer,Full Assembly,,https://uwitan.id/wp-content/uploads/2024/09/20240829142806_IMG_0081-01-min.jpeg,/home/azureuser/katalog_500_images/114_tigo_chair.jpeg,https://uwitan.id/product/tigo-chair/
Rona Sofa,Kursi & Bangku,Rp 7.800.000,"197,5 × 78 × 72 cm",280 kg,Full Natural,Pine Wood,NC Lacquer,Full Assembly,,https://uwitan.id/wp-content/uploads/2024/08/IMG_9613-01-min.jpeg,/home/azureuser/katalog_500_images/115_rona_sofa.jpeg,https://uwitan.id/product/rona-sofa/
Bench Industrial White,Kursi & Bangku,Rp 985.000,80 × 30 × 50 cm,36 kg,White – Natural,"Metal, Pine Wood",NC Lacquer,Assembled / Knockdown,,https://uwitan.id/wp-content/uploads/2019/05/1.-Furniture-Bench-Bench-Industrial-White.jpg,/home/azureuser/katalog_500_images/116_bench_industrial_white.jpg,https://uwitan.id/product/bench-industrial-white/
Sewesi Rattan Chair,Kursi & Bangku,Rp 925.000,40 × 49 × 82 cm,"39,4 kg",Natural – Black,"Iron, Rattan",NC Lacquer,Assembled / Knockdown,,https://uwitan.id/wp-content/uploads/2020/04/3-Furniture-Sewesi-Rattan-Uwitan.jpg,/home/azureuser/katalog_500_images/117_sewesi_rattan_chair.jpg,https://uwitan.id/product/sewesi-rattan-chair/
Salami Sofa Bed,Kursi & Bangku,Rp 8.950.000,165 × 80 × 50 cm,"157,5 kg",Full Natural,"Foam, Pine Wood",NC Lacquer,Full Assembly,,https://uwitan.id/wp-content/uploads/2022/01/FURNITURE-KURSI-SALAMI-SOFA-BED-3-scaled.jpg,/home/azureuser/katalog_500_images/118_salami_sofa_bed.jpg,https://uwitan.id/product/salami-sofa-bed/
Kagumi Chair White,Kursi & Bangku,Rp 1.350.000,70 × 59 × 87 cm,"94,8 kg",Natural Wood,"Foam, Iron, Pine Wood",NC Lacquer,Assembled / Knockdown,,https://uwitan.id/wp-content/uploads/2020/01/1-furniture-kursi-kagumi-chair-white.jpeg,/home/azureuser/katalog_500_images/119_kagumi_chair_white.jpeg,https://uwitan.id/product/kagumi-chair-white/
Rattan Tray Large,Home Decor & Living,Rp 215.000,40 × 34 × 5 cm,"2,7 kg",Full Natural,Rattan,NC Lacquer,Assembled / Knockdown,,https://uwitan.id/wp-content/uploads/2017/12/aksesoris-rattan-tray-large-2.webp,/home/azureuser/katalog_500_images/120_rattan_tray_large.webp,https://uwitan.id/product/rattan-tray-large/
Keranjang Ester,Home Decor & Living,Rp 110.000,31 × 30 × 39 cm,20 kg,White,Rattan,NC Lacquer / Natural,Full Assembly,,https://uwitan.id/wp-content/uploads/2025/10/20250224130418_IMG_3086-01-min.jpeg,/home/azureuser/katalog_500_images/121_keranjang_ester.jpeg,https://uwitan.id/product/keranjang-ester/
Alana Sofa 2 Seater,Kursi & Bangku,Rp 5.950.000,140 × 80 × 80 cm,"202,5 kg",Natural Green,"Pine Wood, Premium Foam",NC Lacquer,Assembled / Knockdown,,https://uwitan.id/wp-content/uploads/2024/04/1000193756-01-01-min.jpeg,/home/azureuser/katalog_500_images/122_alana_sofa_2_seater.jpeg,https://uwitan.id/product/alana-sofa-2-seater/
Kagumi Chair 3 Seater Black,Kursi & Bangku,Rp 3.200.000,160 × 60 × 87 cm,204 kg,Black – Natural,"Metal, Rattan",NC Lacquer,Assembled / Knockdown,,https://uwitan.id/wp-content/uploads/2019/05/1-furniture-kursi-kagumi-chair-3-seater-black.jpeg,/home/azureuser/katalog_500_images/123_kagumi_chair_3_seater_black.jpeg,https://uwitan.id/product/kagumi-chair-3-seater-black/
Minima Sofa,Kursi & Bangku,Rp 5.950.000,165 × 82 × 76 cm,"241,5 kg","Full Natural, Grey","Pine Wood, Plywood, Premium Foam",NC Lacquer,Full Assembly,,https://uwitan.id/wp-content/uploads/2021/01/1-furniture-kursi-minima-sofa.jpeg,/home/azureuser/katalog_500_images/124_minima_sofa.jpeg,https://uwitan.id/product/minima-sofa/
Mizan Sofa Bed – Sofa Bed Minimalis,Kursi & Bangku,Rp 14.800.000,"205,5 × 160 × 52 cm",-,Full Natural,"Pine Wood, Polyester, Premium Sponge",NC Lacquer,Full Assembly,,https://uwitan.id/wp-content/uploads/2023/03/CHO04897-1-scaled.jpg,/home/azureuser/katalog_500_images/125_mizan_sofa_bed___sofa_bed_minimalis.jpg,https://uwitan.id/product/mizan-sofa-bed/
Kubo 2 Shelf,Rak & Storage,Rp 1.150.000,47 × 47 × 103 cm,90 kg,Natural,"Pine Wood, Plywood",NC Lacquer,Full Assembly,,https://uwitan.id/wp-content/uploads/2025/10/IMG_9157-min.jpeg,/home/azureuser/katalog_500_images/126_kubo_2_shelf.jpeg,https://uwitan.id/product/kubo-2-shelf/
Mida Chair Natural,Kursi & Bangku,Rp 1.100.000,43 × 52 × 80 cm,"49,3 kg",Full Natural,Pine Wood,NC Lacquer,Full Assembly,,https://uwitan.id/wp-content/uploads/2022/02/furniture-kursi-mida-chair.jpg,/home/azureuser/katalog_500_images/127_mida_chair_natural.jpg,https://uwitan.id/product/mida-chair/
Tako Stool,Kursi & Bangku,Rp 385.000,50 × 50 × 38 cm,"17,9 kg",Full Natural,Rattan,NC Lacquer,Assembled / Knockdown,,https://uwitan.id/wp-content/uploads/2020/06/1-Tako-Stool-Furniture-Uwitan.jpg,/home/azureuser/katalog_500_images/128_tako_stool.jpg,https://uwitan.id/product/tako-stool/
Flat Single Sofa,Kursi & Bangku,Rp 1.950.000,85 × 65 × 40 cm,"59,4 kg",Full Natural,Pine Wood,NC Lacquer,Assembled / Knockdown,,https://uwitan.id/wp-content/uploads/2019/09/1-furniture-kursi-flat-single-sofa.jpg,/home/azureuser/katalog_500_images/129_flat_single_sofa.jpg,https://uwitan.id/product/flat-single-sofa/
Daaru Bench,Kursi & Bangku,Rp 1.850.000,125 × 32 × 45 cm,53 kg,Natural,Pine Wood,NC Lacquer,Full Assembly,,https://uwitan.id/wp-content/uploads/2022/07/furniture-daaru-bench-1.jpg,/home/azureuser/katalog_500_images/130_daaru_bench.jpg,https://uwitan.id/product/daaru-bench/
Daaru Stool,Kursi & Bangku,Rp 785.000,"32,5 × 32,5 × 44 cm",16 kg,Natural,Pine Wood,NC Lacquer,Full Assembly,,https://uwitan.id/wp-content/uploads/2022/07/furniture-daaru-stool-1.jpg,/home/azureuser/katalog_500_images/131_daaru_stool.jpg,https://uwitan.id/product/daaru-stool/
Chest 4 Drawer,Lemari & Laci,Rp 2.100.000,41 × 33 × 102 cm,"40,9 kg",White – Natural,"Pine Wood, Rattan",NC Lacquer,Assembled / Knockdown,,https://uwitan.id/wp-content/uploads/2025/12/20220609-CHO09560-2-scaled.jpg,/home/azureuser/katalog_500_images/132_chest_4_drawer.jpg,https://uwitan.id/product/chest-4-drawer/
Bench 3 Drawer,Kursi & Bangku,Rp 2.450.000,135 × 33 × 45 cm,"57,2 kg",Full Natural,"Pine Wood, Plywood",NC Lacquer,Assembled / Knockdown,,https://uwitan.id/wp-content/uploads/2021/03/1.-Furniture-Bench-Bench-3-Drawer.jpg,/home/azureuser/katalog_500_images/133_bench_3_drawer.jpg,https://uwitan.id/product/bench-3-drawer/
Ona Dining Table,Meja & Konsol,Rp 2.850.000,140 × 65 × 75 cm,-,Full Natural,"Pine Wood, Plywood",NC Lacquer,Full Assembly,,https://uwitan.id/wp-content/uploads/2023/01/CHO00289-scaled.jpg,/home/azureuser/katalog_500_images/134_ona_dining_table.jpg,https://uwitan.id/product/komo-chair-uwitan-2/
Kagumi Chair 3 Seater White,Kursi & Bangku,Rp 3.200.000,160 × 60 × 87 cm,204 kg,Black – Natural,"Metal, Rattan",NC Lacquer,Assembled / Knockdown,,https://uwitan.id/wp-content/uploads/2021/04/1-furniture-kursi-kagumi-chair-3-seater-white.jpeg,/home/azureuser/katalog_500_images/135_kagumi_chair_3_seater_white.jpeg,https://uwitan.id/product/kagumi-chair-3-seater-white/
Kagumi Chair 2 Seater Black,Kursi & Bangku,Rp 2.650.000,120 × 60 × 87 cm,156 kg,Black – Natural,"Metal, Rattan",NC Lacquer,Assembled / Knockdown,,https://uwitan.id/wp-content/uploads/2019/04/1-furniture-kursi-kagumi-chair-2-seater-black.jpg,/home/azureuser/katalog_500_images/136_kagumi_chair_2_seater_black.jpg,https://uwitan.id/product/kagumi-chair-2-seater-black/
Ona Bench,Kursi & Bangku,Rp 1.450.000,110 × 32 × 44 cm,-,Natural,"MDF, Pine Wood",NC Lacquer,Full Assembly,,https://uwitan.id/wp-content/uploads/2023/01/CHO03110-scaled.jpg,/home/azureuser/katalog_500_images/137_ona_bench.jpg,https://uwitan.id/product/ona-bench/
Stool L White,Kursi & Bangku,Rp 520.000,30 × 30 × 56 cm,"16,9 kg",Full Natural,Pine Wood,NC Lacquer,Assembled / Knockdown,,https://uwitan.id/wp-content/uploads/2021/09/1-furniture-kursi-stool-l-white.jpg,/home/azureuser/katalog_500_images/138_stool_l_white.jpg,https://uwitan.id/product/stool-l-white/
Jerujen Bench,Kursi & Bangku,Rp 1.650.000,"105 × 36,5 × 66 cm","73,2 kg",Full Natural,Pine Wood,NC Lacquer,Full Assembly,,https://uwitan.id/wp-content/uploads/2021/04/IMG_7451-scaled-1.jpeg,/home/azureuser/katalog_500_images/139_jerujen_bench.jpeg,https://uwitan.id/product/jerujen-bench/
Sada Stool,Kursi & Bangku,Rp 985.000,"31,5 × 31,5 × 42 cm","14,6667 kg","Colorful, Natural","Pine Wood, Recycle Polimer Sheet",NC Lacquer,Semi Knockdown,,https://uwitan.id/wp-content/uploads/2022/06/furniture-kursi-sada-stool-1.jpg,/home/azureuser/katalog_500_images/140_sada_stool.jpg,https://uwitan.id/product/sada-stool/
Book Case 5 Tingkat Natural,Home Decor & Living,Rp 1.650.000,64 × 32 × 140 cm,"79,8 kg",Full Natural,Pine Wood,NC Lacquer,Assembled / Knockdown,,https://uwitan.id/wp-content/uploads/2025/12/DSC01515-2-scaled.jpg,/home/azureuser/katalog_500_images/141_book_case_5_tingkat_natural.jpg,https://uwitan.id/product/book-case-5-tingkat-natural/
Ona Chair,Kursi & Bangku,Rp 1.650.000,42 × 46 × 85 cm,-,Full Natural,"Pine Wood, Plywood",NC Lacquer,Full Assembly,,https://uwitan.id/wp-content/uploads/2023/05/CHO05450-scaled.jpg,/home/azureuser/katalog_500_images/142_ona_chair.jpg,https://uwitan.id/product/29042/
Bolo Chair,Kursi & Bangku,Rp 1.350.000,"44,5 × 57 × 86 cm",-,Full Natural,Pine Wood,NC Lacquer,Full Assembly,,https://uwitan.id/wp-content/uploads/2023/05/CHO05322-scaled.jpg,/home/azureuser/katalog_500_images/143_bolo_chair.jpg,https://uwitan.id/product/29051/
Moku Sofa Single,Kursi & Bangku,Rp 2.350.000,"67 × 66,5 × 69,5 cm",-,"Natural, Natural Green",Pine Wood,NC Lacquer,Full Assembly,,https://uwitan.id/wp-content/uploads/2023/01/Moku-sofa-single-scaled.jpg,/home/azureuser/katalog_500_images/144_moku_sofa_single.jpg,https://uwitan.id/product/moku-sofa-single/
Moto Stool,Kursi & Bangku,Rp 950.000,"48,3 × 48,3 × 41,8 cm",-,Full Natural,"Pine Wood, Premium Sponge",NC Lacquer,Full Assembly,,https://uwitan.id/wp-content/uploads/2023/05/CHO05323-scaled.jpg,/home/azureuser/katalog_500_images/145_moto_stool.jpg,https://uwitan.id/product/moto-stool/
Moku Sofa Sudut,Kursi & Bangku,Rp 2.950.000,"67 × 66,5 × 69,5 cm",-,"Natural, Natural Green",Pine Wood,NC Lacquer,Full Assembly,,https://uwitan.id/wp-content/uploads/2023/01/Moku-sofa-sudut-scaled.jpg,/home/azureuser/katalog_500_images/146_moku_sofa_sudut.jpg,https://uwitan.id/product/moku-sofa-sudut/
Moku Sofa Ottoman,Kursi & Bangku,Rp 1.500.000,"67 × 66,5 × 27 cm",-,Natural,Pine Wood,NC Lacquer,Full Assembly,,https://uwitan.id/wp-content/uploads/2023/01/Moku-sofa-ottoman-1-scaled.jpg,/home/azureuser/katalog_500_images/147_moku_sofa_ottoman.jpg,https://uwitan.id/product/moku-sofa-ottoman/
Sewesiji Chair,Kursi & Bangku,Rp 725.000,44 × 50 × 82 cm,"49,4 kg",Black,Iron,NC Lacquer,Full Assembly,,https://uwitan.id/wp-content/uploads/2022/01/furniture-kursi-sewesiji-2.jpg,/home/azureuser/katalog_500_images/148_sewesiji_chair.jpg,https://uwitan.id/product/sewesiji-chair/
Kagumi Chair 2 Seater White,Kursi & Bangku,Rp 2.650.000,120 × 60 × 87 cm,156 kg,Natural – White,Rattan,NC Lacquer,Assembled / Knockdown,,https://uwitan.id/wp-content/uploads/2019/09/1-furniture-kursi-kagumi-chair-2-seater-white.jpeg,/home/azureuser/katalog_500_images/149_kagumi_chair_2_seater_white.jpeg,https://uwitan.id/product/kagumi-chair-2-seater-white/
Kubo 2 Shelf Solid,Rak & Storage,Rp 1.450.000,40 × 40 × 85 cm,50 kg,Natural,Pine Wood,NC Lacquer,Full Assembly,,https://uwitan.id/wp-content/uploads/2025/09/IMG_0932-01-1-min.jpeg,/home/azureuser/katalog_500_images/150_kubo_2_shelf_solid.jpeg,https://uwitan.id/product/kubo-2-shelf-solid/
Plat Shelf Small Natural White,Rak & Storage,Rp 225.000,90 × 15 × 18 cm,"11,66666667 kg",White – Natural,Pine Wood,NC Lacquer,Assembled / Knockdown,,https://uwitan.id/wp-content/uploads/2025/12/IMG_5751-1-scaled.jpg,/home/azureuser/katalog_500_images/151_plat_shelf_small_natural_white.jpg,https://uwitan.id/product/plat-shelf-small-natural-white/
Mida Bench – Bangku Panjang Minimalis,Kursi & Bangku,Rp 1.450.000,"115 × 32,5 × 44,5 cm","49,27 kg",Full Natural,Pine Wood,NC Lacquer,Full Assembly,,https://uwitan.id/wp-content/uploads/2022/02/furniture-kursi-mida-bench.jpg,/home/azureuser/katalog_500_images/152_mida_bench___bangku_panjang_minimal.jpg,https://uwitan.id/product/mida-bench/
Rak Kembang 4 Tingkat,Rak & Storage,Rp 585.000,50 × 26 × 150 cm,50 kg,Natural,Pine Wood,NC Lacquer / Natural,Knockdown,,https://uwitan.id/wp-content/uploads/2025/09/IMG_8186-1-min.jpeg,/home/azureuser/katalog_500_images/153_rak_kembang_4_tingkat.jpeg,https://uwitan.id/product/rak-kembang-4-tingkat/
Kursi Lesehan,Kursi & Bangku,Rp 550.000,"40 × 43 × 39,5 cm","21,6 kg",Full Natural,Pine Wood,NC Lacquer,Full Assembly,,https://uwitan.id/wp-content/uploads/2020/10/1-furniture-kursi-lesehan.jpg,/home/azureuser/katalog_500_images/154_kursi_lesehan.jpg,https://uwitan.id/product/kursi-lesehan/
Rak Kembang 3 Tingkat,Rak & Storage,Rp 485.000,50 × 26 × 62 cm,25 kg,Natural,Pine Wood,NC Lacquer / Natural,Knockdown,,https://uwitan.id/wp-content/uploads/2025/09/IMG_8202-min.jpeg,/home/azureuser/katalog_500_images/155_rak_kembang_3_tingkat.jpeg,https://uwitan.id/product/rak-kembang-3-tingkat/
Bench L Natural,Kursi & Bangku,Rp 1.450.000,Custom,-,Full Natural,Pine Wood,NC Lacquer,Full Assembly,,https://uwitan.id/wp-content/uploads/2023/03/DSCF7906-copy.jpg,/home/azureuser/katalog_500_images/156_bench_l_natural.jpg,https://uwitan.id/product/bench-l-natural/
Sewesi Chair,Kursi & Bangku,Rp 875.000,43 × 50 × 82 cm,"49,4 kg",Natural – Black,"Iron, Rattan",NC Lacquer,Assembled / Knockdown,,https://uwitan.id/wp-content/uploads/2020/06/1-Furniture-Sewesi-Chair-Uwitan.jpg,/home/azureuser/katalog_500_images/157_sewesi_chair.jpg,https://uwitan.id/product/sewesi-chair/
Half Moon Rattan Chair White,Kursi & Bangku,Rp 1.150.000,75 × 62 × 90 cm,"102,5 kg",Full Natural,"Metal, Rattan",NC Lacquer,Assembled / Knockdown,,https://uwitan.id/wp-content/uploads/2020/04/1-furniture-kursi-halfmoon-chair-white.jpg,/home/azureuser/katalog_500_images/158_half_moon_rattan_chair_white.jpg,https://uwitan.id/product/half-moon-rattan-chair-white/
Sintesa Bistro Chair,Kursi & Bangku,Rp 985.000,48 × 52 × 90 cm,"49,9 kg",Natural Wood,Rattan,NC Lacquer,Assembled / Knockdown,,https://uwitan.id/wp-content/uploads/2020/11/furniture-sintesa-bistro-chair-1.jpg,/home/azureuser/katalog_500_images/159_sintesa_bistro_chair.jpg,https://uwitan.id/product/sintesa-bistro-chair/
Bench Sponge M Cream,Kursi & Bangku,Rp 1.100.000,104 × 32 × 45 cm,"53,9 kg",Full Natural,"Pine Wood, Premium Sponge",NC Lacquer,Assembled / Knockdown,,https://uwitan.id/wp-content/uploads/2020/04/1.-Furniture-Bench-Bench-Sponge-M-Cream.jpg,/home/azureuser/katalog_500_images/160_bench_sponge_m_cream.jpg,https://uwitan.id/product/bench-sponge-m-cream/
Kubo 60,Home Decor & Living,Rp 950.000,58 × 58 × 58 cm,85 kg,Natural,Pine Wood,NC Lacquer,Full Assembly,,https://uwitan.id/wp-content/uploads/2025/10/IMG_6985-1-min.jpeg,/home/azureuser/katalog_500_images/161_kubo_60.jpeg,https://uwitan.id/product/kubo-60/
Minima Rak Dinding,Rak & Storage,Rp 365.000,70 × 15 × 35 cm,22 kg,Full Natural,Pine Wood,NC Lacquer,Full Assembly,,https://uwitan.id/wp-content/uploads/2024/08/1000100902-01-min.jpeg,/home/azureuser/katalog_500_images/162_minima_rak_dinding.jpeg,https://uwitan.id/product/minima-rak-dinding/
1×3 Drawer Solid Natural,Lemari & Laci,Rp 2.150.000,39 × 30 × 128 cm,"43,4 kg",Full Natural,Pine Wood,NC Lacquer,Assembled / Knockdown,,https://uwitan.id/wp-content/uploads/2020/03/furniture-drawer-1x3-drawer-solid-nat.jpg,/home/azureuser/katalog_500_images/163_1_3_drawer_solid_natural.jpg,https://uwitan.id/product/1x3-drawer-solid-natural/
3×3 Drawer Rangka Natural – Rak Buku Tingkat,Lemari & Laci,Rp 4.350.000,113 × 30 × 128 cm,100 kg,Full Natural,Pine Wood,NC Lacquer,Full Assembly,,https://uwitan.id/wp-content/uploads/2023/11/CHO08290-scaled.jpg,/home/azureuser/katalog_500_images/164_3_3_drawer_rangka_natural___rak_buk.jpg,https://uwitan.id/product/3x3-drawer-rangka-natural-rak-buku-tingkat/
Plat Shelf Large Natural,Rak & Storage,Rp 325.000,80 × 25 × 27 cm,"19,4 kg",Full Natural,Pine Wood,NC Lacquer,Assembled / Knockdown,,https://uwitan.id/wp-content/uploads/2020/09/1.-Furniture-Rak-Plat-Shelf-Large-Natural.jpeg,/home/azureuser/katalog_500_images/165_plat_shelf_large_natural.jpeg,https://uwitan.id/product/plat-shelf-large-natural/
Chest 3 Drawer Natural,Lemari & Laci,Rp 1.600.000,41 × 33 × 84 cm,"34,4 kg",Full Natural,"Pine Wood, Rattan",NC Lacquer,Assembled / Knockdown,,https://uwitan.id/wp-content/uploads/2020/11/1.-Furniture-Rak-Chest-3-Drawer-Natural.jpeg,/home/azureuser/katalog_500_images/166_chest_3_drawer_natural.jpeg,https://uwitan.id/product/chest-3-drawer-natural/
Chest 4 Drawer Natural,Lemari & Laci,Rp 2.100.000,40 × 33 × 102 cm,"40,9 kg",Full Natural,"Pine Wood, Rattan",NC Lacquer,Assembled / Knockdown,,https://uwitan.id/wp-content/uploads/2020/11/1.-Furniture-Rak-Chest-4-Drawer-Natural.jpeg,/home/azureuser/katalog_500_images/167_chest_4_drawer_natural.jpeg,https://uwitan.id/product/chest-4-drawer-natural/
Rak Sepatu Industrial Black,Rak & Storage,Rp 985.000,80 × 26 × 80 cm,"47,25 kg",Full Natural,"Metal, Pine Wood",NC Lacquer,Assembled / Knockdown,,https://uwitan.id/wp-content/uploads/2018/05/drawer-rak-sepatu-industrial-black-3.webp,/home/azureuser/katalog_500_images/168_rak_sepatu_industrial_black.webp,https://uwitan.id/product/rak-sepatu-industrial-black/
Chest 3 Drawer,Lemari & Laci,Rp 1.600.000,41 × 33 × 84 cm,"34,4 kg",White – Natural,"Pine Wood, Rattan",NC Lacquer,Assembled / Knockdown,,https://uwitan.id/wp-content/uploads/2018/05/1.-Furniture-Rak-Chest-3-Drawer-NW.jpeg,/home/azureuser/katalog_500_images/169_chest_3_drawer.jpeg,https://uwitan.id/product/chest-3-drawer/
Chest 2 Drawer,Lemari & Laci,Rp 1.200.000,40 × 33 × 56 cm,"24,9 kg",White – Natural,"Pine Wood, Rattan",NC Lacquer,Assembled / Knockdown,,https://uwitan.id/wp-content/uploads/2018/05/1.-Furniture-Rak-Chest-2-Drawer-NW.jpeg,/home/azureuser/katalog_500_images/170_chest_2_drawer.jpeg,https://uwitan.id/product/chest-2-drawer/
1×2 Drawer Solid Natural,Lemari & Laci,Rp 1.450.000,39 × 30 × 91 cm,31 kg,Full Natural,Pine Wood,NC Lacquer,Full Assembly,,https://uwitan.id/wp-content/uploads/2020/05/Furniture-1x2-Drawer-Solid-1.jpg,/home/azureuser/katalog_500_images/171_1_2_drawer_solid_natural.jpg,https://uwitan.id/product/1x2-drawer-solid-natural/
Chest 2×2 Drawer,Lemari & Laci,Rp 2.100.000,75 × 33 × 57 cm,"39,6 kg",White – Natural,"Pine Wood, Rattan",NC Lacquer,Assembled / Knockdown,,https://uwitan.id/wp-content/uploads/2018/05/1.-Furniture-Rak-Chest-2x2-Drawer-NW.jpeg,/home/azureuser/katalog_500_images/172_chest_2_2_drawer.jpeg,https://uwitan.id/product/chest-2x2-drawer/
Chest 2×2 Drawer Natural,Lemari & Laci,Rp 2.100.000,75 × 33 × 55 cm,"39,6 kg",Full Natural,"Pine Wood, Rattan",NC Lacquer,Assembled / Knockdown,,https://uwitan.id/wp-content/uploads/2020/11/1.-Furniture-Rak-Chest-2x2-Drawer-Natural.jpeg,/home/azureuser/katalog_500_images/173_chest_2_2_drawer_natural.jpeg,https://uwitan.id/product/chest-2x2-drawer-natural/
Alana Island Table,Meja & Konsol,Rp 9.850.000,160 × 75 × 90 cm,320 kg,Natural,Pine Wood,NC Lacquer,Full Assembly,,https://uwitan.id/wp-content/uploads/2025/08/IMG_7196-min.jpeg,/home/azureuser/katalog_500_images/174_alana_island_table.jpeg,https://uwitan.id/product/alana-island-table/
Sejen Bookshelf,Rak & Storage,Rp 2.650.000,42 × 42 × 180 cm,120 kg,Natural,Pine Wood,NC Lacquer,Full Assembly,,https://uwitan.id/wp-content/uploads/2025/08/20250820142546_IMG_7207-min.jpeg,/home/azureuser/katalog_500_images/175_sejen_bookshelf.jpeg,https://uwitan.id/product/sejen-bookshelf/
1×2 Drawer Rangka Natural,Lemari & Laci,Rp 1.150.000,39 × 30 × 91 cm,31 kg,Full Natural,Pine Wood,NC Lacquer,Assembled / Knockdown,,https://uwitan.id/wp-content/uploads/2018/06/Furniture-1x2-Drawer-Rangka-1-scaled.jpg,/home/azureuser/katalog_500_images/176_1_2_drawer_rangka_natural.jpg,https://uwitan.id/product/1x2-drawer-rangka-natural/
Salami Multidrawer,Lemari & Laci,Rp 5.300.000,150 × 30 × 85 cm,-,Full Natural,Pine Wood,NC Lacquer,Full Assembly,,https://uwitan.id/wp-content/uploads/2021/01/1-Furniture-Salami-Multidrawer-Uwitan.jpg,/home/azureuser/katalog_500_images/177_salami_multidrawer.jpg,https://uwitan.id/product/salami-multidrawer/
3×2 Drawer Solid Natural,Lemari & Laci,Rp 3.350.000,113 × 30 × 91 cm,"77,9 kg",Full Natural,Pine Wood,NC Lacquer,Full Assembly,,https://uwitan.id/wp-content/uploads/2018/07/1.-Furniture-Rak-3x2-Drawer-Solid-Natural.jpeg,/home/azureuser/katalog_500_images/178_3_2_drawer_solid_natural.jpeg,https://uwitan.id/product/3x2-drawer-solid-natural/
2×3 Drawer Solid Natural,Lemari & Laci,Rp 3.550.000,76 × 30 × 128 cm,"76,3 kg",Full Natural,Pine Wood,NC Lacquer,Full Assembly,,https://uwitan.id/wp-content/uploads/2018/06/1.-Furniture-Rak-2x3-Drawer-Solid-Natural.jpeg,/home/azureuser/katalog_500_images/179_2_3_drawer_solid_natural.jpeg,https://uwitan.id/product/2x3-drawer-solid-natural/
2×2 Drawer Solid Natural,Lemari & Laci,Rp 2.450.000,75 × 30 × 91 cm,"53,8 kg",Full Natural,Pine Wood,NC Lacquer,Full Assembly,,https://uwitan.id/wp-content/uploads/2018/06/1.-Furniture-Rak-2x2-Drawer-Solid-Natural.jpeg,/home/azureuser/katalog_500_images/180_2_2_drawer_solid_natural.jpeg,https://uwitan.id/product/2x2-drawer-solid-natural/
1×3 Drawer Rangka Natural,Lemari & Laci,Rp 1.850.000,39 × 30 × 123 cm,"43,4 kg",Full Natural,Pine Wood,NC Lacquer,Full Assembly,,https://uwitan.id/wp-content/uploads/2018/06/1.-Furniture-Rak-1x3-Drawer-Rangka.jpeg,/home/azureuser/katalog_500_images/181_1_3_drawer_rangka_natural.jpeg,https://uwitan.id/product/1x3-drawer-rangka-natural/
1×4 Drawer Solid Natural,Lemari & Laci,Rp 2.450.000,39 × 30 × 164 cm,57 kg,Full Natural,Pine Wood,NC Lacquer,Full Assembly,,https://uwitan.id/wp-content/uploads/2020/07/1.-Furniture-Rak-1x4-Drawer-Solid-Natural.jpeg,/home/azureuser/katalog_500_images/182_1_4_drawer_solid_natural.jpeg,https://uwitan.id/product/1x4-drawer-solid-natural/
Rak Sudut 5 Tingkat Natural,Rak & Storage,Rp 1.450.000,45 × 45 × 170 cm,"166,5 kg",Full Natural,Pine Wood,NC Lacquer,Full Assembly,,https://uwitan.id/wp-content/uploads/2021/04/1-furniture-rak-sudut-5-tingkat-natural.jpeg,/home/azureuser/katalog_500_images/183_rak_sudut_5_tingkat_natural.jpeg,https://uwitan.id/product/rak-sudut-5-tingkat-natural/
Rak Sudut 5 Tingkat Natural White,Rak & Storage,Rp 1.550.000,45 × 45 × 170 cm,"166,5 kg",Natural – White,Pine Wood,NC Lacquer,Assembled / Knockdown,,https://uwitan.id/wp-content/uploads/2021/01/IMG_1043-scaled.jpg,/home/azureuser/katalog_500_images/184_rak_sudut_5_tingkat_natural_white.jpg,https://uwitan.id/product/rak-sudut-5-tingkat-natural-white/
Ladder Shelf Natural White,Rak & Storage,Rp 425.000,"41,5 × 43 × 75 cm","18,8 kg",White – Natural,Pine Wood,NC Lacquer,Assembled / Knockdown,,https://uwitan.id/wp-content/uploads/2017/12/1-furniture-rak-ladder-shelf-white-natural.jpeg,/home/azureuser/katalog_500_images/185_ladder_shelf_natural_white.jpeg,https://uwitan.id/product/ladder-shelf-natural-white/
Rak Susun Trolley,Rak & Storage,Rp 685.000,53 × 33 × 80 cm,40 kg,Natural,Pine Wood; Plywood,NC Lacquer,Knockdown,,https://uwitan.id/wp-content/uploads/2025/09/IMG_8226-min.jpeg,/home/azureuser/katalog_500_images/186_rak_susun_trolley.jpeg,https://uwitan.id/product/rak-susun-trolley/
Yana Shelf,Rak & Storage,Rp 985.000,75 × 15 × 61 cm,"25,1 kg",Full Natural,Pine Wood,NC Lacquer,Assembled / Knockdown,,https://uwitan.id/wp-content/uploads/2021/12/1-aksesoris-yana-shelf.jpg,/home/azureuser/katalog_500_images/187_yana_shelf.jpg,https://uwitan.id/product/yana-shelf/
3×3 Drawer Solid Natural,Lemari & Laci,Rp 4.650.000,113 × 30 × 128 cm,"113,2 kg",Full Natural,Pine Wood,NC Lacquer,Full Assembly,,https://uwitan.id/wp-content/uploads/2018/11/1.-Furniture-Rak-3x3-Drawer-Solid-Natural.jpeg,/home/azureuser/katalog_500_images/188_3_3_drawer_solid_natural.jpeg,https://uwitan.id/product/3x3-drawer-solid-natural/
Rak Sepatu Industrial White,Rak & Storage,Rp 985.000,80 × 26 × 80 cm,"47,25 kg",Natural – White,"Metal, Pine Wood",NC Lacquer,Assembled / Knockdown,,https://uwitan.id/wp-content/uploads/2019/03/1-furniture-rak-sepatu-industrial-white.jpg,/home/azureuser/katalog_500_images/189_rak_sepatu_industrial_white.jpg,https://uwitan.id/product/rak-sepatu-industrial-white/
Harumi Drawer,Lemari & Laci,Rp 3.800.000,75 × 35 × 128 cm,"88,4 kg",Full Natural,"Pine Wood, Rattan",NC Lacquer,Full Assembly,,https://uwitan.id/wp-content/uploads/2020/10/1-furniture-rak-lemari-harumi-drawer.jpg,/home/azureuser/katalog_500_images/190_harumi_drawer.jpg,https://uwitan.id/product/harumi-drawer/
Rak Miguna 5 Tingkat – Rak Serbaguna Minimalis,Rak & Storage,Rp 950.000,67 × 27 × 127 cm,"35,3 kg",Full Natural,Pine Wood,NC Lacquer,Assembled / Knockdown,,https://uwitan.id/wp-content/uploads/2020/12/1-furniture-rak-miguna-5-tingkat.jpg,/home/azureuser/katalog_500_images/191_rak_miguna_5_tingkat___rak_serbagun.jpg,https://uwitan.id/product/rak-miguna-5-tingkat/
Rak Dinding Minimo,Rak & Storage,Rp 120.000,39 × 7 × 39 cm,4 kg,Full Natural,Pine Wood,NC Lacquer,Full Assembly,,https://uwitan.id/wp-content/uploads/2024/09/IMG_0760-01-min.jpeg,/home/azureuser/katalog_500_images/192_rak_dinding_minimo.jpeg,https://uwitan.id/product/rak-dinding-minimo/
Rak Miguna 6 Tingkat – Rak Serbaguna Minimalis,Rak & Storage,Rp 1.250.000,"67 × 26,5 × 154 cm","45,9 kg",Full Natural,Pine Wood,NC Lacquer,Assembled / Knockdown,,https://uwitan.id/wp-content/uploads/2020/06/1-furniture-rak-miguna-6-tingkat.jpg,/home/azureuser/katalog_500_images/193_rak_miguna_6_tingkat___rak_serbagun.jpg,https://uwitan.id/product/rak-miguna-6-tingkat/
1×5 Drawer Solid Natural,Lemari & Laci,Rp 2.850.000,39 × 30 × 197 cm,"91,4 kg",Full Natural,Pine Wood,NC Lacquer,Full Assembly,,https://uwitan.id/wp-content/uploads/2020/07/1.-Furniture-Rak-1x5-Drawer-Solid-Natural.jpeg,/home/azureuser/katalog_500_images/194_1_5_drawer_solid_natural.jpeg,https://uwitan.id/product/1x5-drawer-solid-natural/
Putar Book Shelf – Rak Buku Putar,Rak & Storage,Rp 3.200.000,39 × 39 × 150 cm,65 kg,Full Natural,Pine Wood,NC Lacquer,Full Assembly,,https://uwitan.id/wp-content/uploads/2024/08/1000105208-01-min.jpeg,/home/azureuser/katalog_500_images/195_putar_book_shelf___rak_buku_putar.jpeg,https://uwitan.id/product/putar-book-shelf-rak-buku-putar/
Rak Dinding Minime,Rak & Storage,Rp 120.000,32 × 7 × 32 cm,-,Full Natural,Pine Wood,NC Lacquer,Full Assembly,,https://uwitan.id/wp-content/uploads/2024/09/IMG_1049-01-1-min.jpeg,/home/azureuser/katalog_500_images/196_rak_dinding_minime.jpeg,https://uwitan.id/product/rak-dinding-minime/
kWh Meter Box,Home Decor & Living,Rp 385.000,26 × 10 × 49 cm,20 kg,Natural,Pine Wood,NC Lacquer,Full Assembly,,https://uwitan.id/wp-content/uploads/2025/08/IMG_5918-min.jpeg,/home/azureuser/katalog_500_images/197_kwh_meter_box.jpeg,https://uwitan.id/product/kwh-meter-box/
1×2 Drawer Solid White,Lemari & Laci,Rp 1.450.000,39 × 30 × 91 cm,31 kg,Full White,Pine Wood,NC Lacquer,Assembled / Knockdown,,https://uwitan.id/wp-content/uploads/2020/04/1.-Furniture-Rak-1x2-Drawer-Solid-White.jpeg,/home/azureuser/katalog_500_images/198_1_2_drawer_solid_white.jpeg,https://uwitan.id/product/1x2-drawer-solid-white/
Rak Susun Natural,Rak & Storage,Rp 240.000,66 × 31 × 41 cm,"10,9 kg",White – Natural,"MDF, Pine Wood",NC Lacquer,Assembled / Knockdown,,https://uwitan.id/wp-content/uploads/2018/06/1-furniture-rak-susun-natural.jpg,/home/azureuser/katalog_500_images/199_rak_susun_natural.jpg,https://uwitan.id/product/rak-susun-natural/
Book Case 4 Tingkat Natural White,Home Decor & Living,Rp 1.350.000,64 × 32 × 113 cm,"63,7 kg",Full Natural,Pine Wood,NC Lacquer,Full Assembly,,https://uwitan.id/wp-content/uploads/2022/06/furniture-rak-book-case-4-tingkat-natural-white-1.jpg,/home/azureuser/katalog_500_images/200_book_case_4_tingkat_natural_white.jpg,https://uwitan.id/product/book-case-4-tingkat-natural-white/
Standing Mirror Round Natural,Rak & Storage,Rp 1.150.000,50 × 5 × 150 cm,-,Full Natural,"Mirror, Pine Wood, Plywood",NC Lacquer,Full Assembly,,https://uwitan.id/wp-content/uploads/2023/01/CHO00225-1-scaled.jpg,/home/azureuser/katalog_500_images/201_standing_mirror_round_natural.jpg,https://uwitan.id/product/standing-mirror-round-natural/
Rando Mirror,Cermin & Dekorasi Dinding,Rp 1.650.000,70 × 7 × 160 cm,58 kg,Full Natural,"Pine Wood, Mirror",NC Lacquer,Full Assembly,,https://uwitan.id/wp-content/uploads/2024/08/20240807155555_IMG_1759-01-min.jpeg,/home/azureuser/katalog_500_images/202_rando_mirror.jpeg,https://uwitan.id/product/rando-mirror/
Chest 2 Drawer Natural,Lemari & Laci,Rp 1.200.000,41 × 33 × 58 cm,"24,9 kg",Full Natural,"Pine Wood, Rattan",NC Lacquer,Assembled / Knockdown,,https://uwitan.id/wp-content/uploads/2020/11/1.-Furniture-Rak-Chest-2-Drawer-Natural.jpeg,/home/azureuser/katalog_500_images/203_chest_2_drawer_natural.jpeg,https://uwitan.id/product/chest-2-drawer-natural/
Rak Sepatu Harumi,Rak & Storage,Rp 2.250.000,50 × 40 × 80 cm,-,Full Natural,"Pine Wood, Plywood, Rattan",NC Lacquer,Full Assembly,,https://uwitan.id/wp-content/uploads/2021/04/1-furniture-rak-sepatu-harumi.jpg,/home/azureuser/katalog_500_images/204_rak_sepatu_harumi.jpg,https://uwitan.id/product/rak-sepatu-harumi/
Mirror M Round Natural,Cermin & Dekorasi Dinding,Rp 825.000,60 × 5 × 80 cm,-,Full Natural,"Mirror, Pine Wood, Plywood",NC Lacquer,Full Assembly,,https://uwitan.id/wp-content/uploads/2023/01/EDITCHO00244-2-scaled.jpg,/home/azureuser/katalog_500_images/205_mirror_m_round_natural.jpg,https://uwitan.id/product/mirror-m-round-natural/
2×2 Drawer Rangka Natural,Lemari & Laci,Rp 2.150.000,76 × 30 × 91 cm,"76,3 kg",Full Natural,Pine Wood,NC Lacquer,Full Assembly,,https://uwitan.id/wp-content/uploads/2018/06/1.-Furniture-Rak-2x2-Drawer-Rangka-Natural.jpeg,/home/azureuser/katalog_500_images/206_2_2_drawer_rangka_natural.jpeg,https://uwitan.id/product/2x2-drawer-rangka-natural/
Sugo Mirror,Cermin & Dekorasi Dinding,Rp 585.000,45 × 12 × 65 cm,25 kg,Full Natural,Pine Wood,NC Lacquer,Full Assembly,,https://uwitan.id/wp-content/uploads/2026/01/IMG_1514.jpg,/home/azureuser/katalog_500_images/207_sugo_mirror.jpg,https://uwitan.id/product/sugo-mirror/
Nafa Multidrawer Natural,Lemari & Laci,Rp 2.850.000,70 × 30 × 89 cm,"52,8 kg",Full Natural,Pine Wood,NC Lacquer,Full Assembly,,https://uwitan.id/wp-content/uploads/2022/01/Nafa-Multidrawer-Natural.jpg,/home/azureuser/katalog_500_images/208_nafa_multidrawer_natural.jpg,https://uwitan.id/product/nafa-multidrawer-natural/
Rak Miguna 4 Tingkat,Rak & Storage,Rp 725.000,67 × 27 × 105 cm,52 kg,Full Natural,Pine Wood,NC Lacquer,Assembled / Knockdown,,https://uwitan.id/wp-content/uploads/2018/10/1-furniture-rak-miguna-4-tingkat.jpg,/home/azureuser/katalog_500_images/209_rak_miguna_4_tingkat.jpg,https://uwitan.id/product/rak-miguna-4-tingkat/
Lio Book Case Natural,Home Decor & Living,Rp 2.250.000,65 × 36 × 155 cm,"55,8 kg",Full Natural,Pine Wood,NC Lacquer,Assembled / Knockdown,,https://uwitan.id/wp-content/uploads/2020/09/1-furniture-rak-lio-book-case-natural.jpg,/home/azureuser/katalog_500_images/210_lio_book_case_natural.jpg,https://uwitan.id/product/lio-book-case-natural/
Ladder 3 Shelf Natural,Rak & Storage,Rp 575.000,42 × 55 × 99 cm,"24,9 kg",Full Natural,Pine Wood,NC Lacquer,Assembled / Knockdown,,https://uwitan.id/wp-content/uploads/2022/01/Ladder-3-Shelf.jpg,/home/azureuser/katalog_500_images/211_ladder_3_shelf_natural.jpg,https://uwitan.id/product/ladder-3-shelf-natural/
Broma 1 Shelf,Rak & Storage,Rp 1.650.000,65 × 35 × 99 cm,"48,5 kg",Full Natural,Pine Wood,NC Lacquer,Assembled / Knockdown,,https://uwitan.id/wp-content/uploads/2020/07/1.-Furniture-Rak-Broma-1-Shelf.jpg,/home/azureuser/katalog_500_images/212_broma_1_shelf.jpg,https://uwitan.id/product/broma-1-shelf/
Ona Putar Standing Mirror,Rak & Storage,Rp 1.950.000,"45,5 × 45,5 × 173 cm",90 kg,Full Natural,"Cermin, Pine Wood",NC Lacquer,Full Assembly,,https://uwitan.id/wp-content/uploads/2024/11/WhatsApp-Image-2024-10-31-at-2.49.17-PM.png,/home/azureuser/katalog_500_images/213_ona_putar_standing_mirror.png,https://uwitan.id/product/ona-putar-standing-mirror/
Koru Shoe Cabinet – Lemari Sepatu Besar Minimalis,Lemari & Laci,Rp 2.850.000,50 × 30 × 137 cm,10 kg,Full Natural,Pine Wood,NC Lacquer,Full Assembly,,https://uwitan.id/wp-content/uploads/2023/11/CHO09962-scaled.jpg,/home/azureuser/katalog_500_images/214_koru_shoe_cabinet___lemari_sepatu_b.jpg,https://uwitan.id/product/koru-shoe-cabinet-lemari-sepatu-besar-minimalis/
1×3 Drawer Solid White,Lemari & Laci,Rp 2.150.000,39 × 30 × 128 cm,"43,4 kg",Full Natural,Pine Wood,NC Lacquer,Assembled / Knockdown,,https://uwitan.id/wp-content/uploads/2022/01/furniture-rak-1x3-drawer-solid-white.jpg,/home/azureuser/katalog_500_images/215_1_3_drawer_solid_white.jpg,https://uwitan.id/product/1x3-drawer-solid-white/
Cabinet 134 Natural,Lemari & Laci,Rp 1.725.000,26 × 42 × 75 cm,"25,8 kg",Full Natural,"Kaca, Pine Wood",NC Lacquer,Full Assembly,,https://uwitan.id/wp-content/uploads/2021/01/1.-Furniture-Rak-Cabinet-134-Natural.jpeg,/home/azureuser/katalog_500_images/216_cabinet_134_natural.jpeg,https://uwitan.id/product/cabinet-134-natural/
Pir Wall Mirror,Cermin & Dekorasi Dinding,Rp 485.000,"46 × 9,5 × 62 cm",15 kg,Full Natural,"Pine Wood, Mirror",NC Lacquer,Full Assembly,,https://uwitan.id/wp-content/uploads/2024/09/7.jpg,/home/azureuser/katalog_500_images/217_pir_wall_mirror.jpg,https://uwitan.id/product/pir-wall-mirror/
Kinata Hanger Shelf Full Natural,Rak & Storage,Rp 2.350.000,76 × 40 × 197 cm,57 kg,Full Natural,"Pine Wood, Plywood",NC Lacquer,Knockdown,,https://uwitan.id/wp-content/uploads/2019/09/1-furniture-rak-gantung-kinata-hanger-shelf-natural.jpg,/home/azureuser/katalog_500_images/218_kinata_hanger_shelf_full_natural.jpg,https://uwitan.id/product/kinata-hanger-shelf-full-natural/
Book Case 3 Tingkat Natural,Home Decor & Living,Rp 925.000,64 × 32 × 80 cm,"47,1 kg",Full Natural,Pine Wood,NC Lacquer,Full Assembly,,https://uwitan.id/wp-content/uploads/2020/10/Furniture-drawer-book-case-3-tingkat.jpg,/home/azureuser/katalog_500_images/219_book_case_3_tingkat_natural.jpg,https://uwitan.id/product/book-case-3-tingkat-natural/
Rak Dinding Rumah Green Natural,Rak & Storage,Rp 420.000,75 × 15 × 51 cm,-,Natural Green,Pine Wood,NC Lacquer,Full Assembly,,https://uwitan.id/wp-content/uploads/2023/03/CHO03228-scaled.jpg,/home/azureuser/katalog_500_images/220_rak_dinding_rumah_green_natural.jpg,https://uwitan.id/product/rak-dinding-rumah-green-natural/
Alana Mirror L Natural,Cermin & Dekorasi Dinding,Rp 1.850.000,100 × 7 × 100 cm,"34,3 kg",Full Natural,"Mirror, Pine Wood",NC Lacquer,Assembled / Knockdown,,https://uwitan.id/wp-content/uploads/2019/11/1.-Furniture-Cermin-Alana-Mirror-L-Natural.jpeg,/home/azureuser/katalog_500_images/221_alana_mirror_l_natural.jpeg,https://uwitan.id/product/alana-mirror-l-natural/
Citra Magazine Rack,Home Decor & Living,Rp 450.000,41 × 41 × 49 cm,19 kg,Full Natural,Rattan,NC Lacquer,Full Assembly,,https://uwitan.id/wp-content/uploads/2020/10/1.-Furniture-Rak-Citra-Magazine-Rack.jpg,/home/azureuser/katalog_500_images/222_citra_magazine_rack.jpg,https://uwitan.id/product/citra-magazine-rack/
Dodo Toy Shelf,Rak & Storage,Rp 2.600.000,120 × 30 × 90 cm,"86,7 kg",Full Natural,"Pine Wood, Plywood",NC Lacquer,Assembled / Knockdown,,https://uwitan.id/wp-content/uploads/2020/06/1.-Furniture-Rak-Dodo-Toy-Shelf.jpg,/home/azureuser/katalog_500_images/223_dodo_toy_shelf.jpg,https://uwitan.id/product/dodo-toy-shelf/
Book Case 4 Tingkat Natural,Home Decor & Living,Rp 1.350.000,64 × 32 × 113 cm,"63,7 kg",Full Natural,Pine Wood,NC Lacquer,Full Assembly,,https://uwitan.id/wp-content/uploads/2020/10/1.-Furniture-Rak-Book-Case-4-Tingkat.jpeg,/home/azureuser/katalog_500_images/224_book_case_4_tingkat_natural.jpeg,https://uwitan.id/product/book-case-4-tingkat-natural/
Broma 2×1 Shelf,Rak & Storage,Rp 3.250.000,135 × 35 × 105 cm,124 kg,Full Natural,Pine Wood,NC Lacquer,Assembled / Knockdown,,https://uwitan.id/wp-content/uploads/2021/09/furniture-rak-broma-2x1-shelf-1.jpg,/home/azureuser/katalog_500_images/225_broma_2_1_shelf.jpg,https://uwitan.id/product/broma-2x1-shelf/
Cabinet 134 Natural White,Lemari & Laci,Rp 1.725.000,26 × 42 × 75 cm,"25,8 kg",Natural – White,"Kaca, Pine Wood, Plywood",NC Lacquer,Full Assembly,,https://uwitan.id/wp-content/uploads/2020/02/furniture-lemari-cabinet-134-nw-1.jpg,/home/azureuser/katalog_500_images/226_cabinet_134_natural_white.jpg,https://uwitan.id/product/cabinet-134-nw/
Hexa Mirror,Cermin & Dekorasi Dinding,Rp 225.000,39 × 4 × 34 cm,"5,4 kg",Full Natural,"Mirror, Pine Wood",NC Lacquer,Full Assembly,,https://uwitan.id/wp-content/uploads/2020/02/1-furniture-cermin-hexa-mirror.jpg,/home/azureuser/katalog_500_images/227_hexa_mirror.jpg,https://uwitan.id/product/hexa-mirror/
Broma 3×1 Shelf,Rak & Storage,Rp 4.500.000,202 × 35 × 105 cm,"181,3 kg",Full Natural,Pine Wood,NC Lacquer,Assembled / Knockdown,,https://uwitan.id/wp-content/uploads/2021/09/furniture-rak-broma-3x1-shelf-1.jpg,/home/azureuser/katalog_500_images/228_broma_3_1_shelf.jpg,https://uwitan.id/product/broma-3x1-shelf/
Ona Wardrobe,Home Decor & Living,Rp 6.500.000,80 × 53 × 186 cm,"185,2 kg",Full Natural,"Pine Wood, Plywood",NC Lacquer,Full Assembly,,https://uwitan.id/wp-content/uploads/2022/02/furniture-lemari-ona-wardrobe-5.jpg,/home/azureuser/katalog_500_images/229_ona_wardrobe.jpg,https://uwitan.id/product/ona-wardrobe/
Alana Wardrobe Pintu Kaca,Home Decor & Living,Rp 7.750.000,80 × 50 × 200 cm,180 kg,Full Natural,"Pine Wood, Plywood",NC Lacquer,Assembled / Knockdown,,https://uwitan.id/wp-content/uploads/2020/03/1-furniture-lemari-alana-wardrobe-2-pintu-kaca.jpg,/home/azureuser/katalog_500_images/230_alana_wardrobe_pintu_kaca.jpg,https://uwitan.id/product/alana-wardrobe-pintu-kaca/
Ciko Hanger,Rak & Storage,Rp 1.150.000,150 × 37 × 156 cm,50 kg,Natural,Pine Wood,NC Lacquer,Knockdown,,https://uwitan.id/wp-content/uploads/2025/10/IMG_9223-min.jpeg,/home/azureuser/katalog_500_images/231_ciko_hanger.jpeg,https://uwitan.id/product/ciko-hanger/
Deski 1×3 Natural – Storage Meja Minimalis,Meja & Konsol,Rp 340.000,18 × 15 × 23 cm,"0,5 kg",Full Natural,Pine Wood,NC Lacquer,Assembled / Knockdown,,https://uwitan.id/wp-content/uploads/2023/11/CHO05511-scaled.jpg,/home/azureuser/katalog_500_images/232_deski_1_3_natural___storage_meja_mi.jpg,https://uwitan.id/product/deski-1x3-natural-storage-meja-minimalis/
Alana Mirror S Natural,Cermin & Dekorasi Dinding,Rp 850.000,50 × 5 × 50 cm,"10,2 kg",Full Natural,"Mirror, Pine Wood",NC Lacquer,Assembled / Knockdown,,https://uwitan.id/wp-content/uploads/2020/09/1.-Furniture-Cermin-Alana-Mirror-S-Natural.jpeg,/home/azureuser/katalog_500_images/233_alana_mirror_s_natural.jpeg,https://uwitan.id/product/alana-mirror-s-natural/
Alana 1×4 Cabinet,Lemari & Laci,Rp 4.650.000,64 × 45 × 105 cm,78 kg,Full Natural,"Pine Wood, Plywood",NC Lacquer,Assembled / Knockdown,,https://uwitan.id/wp-content/uploads/2018/10/DSC02188-scaled.jpg,/home/azureuser/katalog_500_images/234_alana_1_4_cabinet.jpg,https://uwitan.id/product/alana-1x4-cabinet/
Alana 2×3 Cabinet,Lemari & Laci,Rp 6.300.000,125 × 45 × 82 cm,"113,9 kg",Full Natural,"Pine Wood, Plywood",NC Lacquer,Full Assembly,,https://uwitan.id/wp-content/uploads/2018/10/1.-Furniture-Lemari-Alana-2x3-Cabinet.jpg,/home/azureuser/katalog_500_images/235_alana_2_3_cabinet.jpg,https://uwitan.id/product/alana-2x3-cabinet/
Simple Hanger Large 2 Shelf – Standing Hanger Minimalis,Rak & Storage,Rp 1.200.000,"90 × 40,5 × 151 cm",90 kg,Full Natural,Pine Wood,NC Lacquer,Full Assembly,,https://uwitan.id/wp-content/uploads/2024/03/CHO01727-scaled.jpg,/home/azureuser/katalog_500_images/236_simple_hanger_large_2_shelf___stand.jpg,https://uwitan.id/product/simple-hanger-large-2-shelf-standing-hanger-minimalis/
Veromi Kitchen Cabinet,Lemari & Laci,Rp 5.300.000,110 × 45 × 125 cm,-,Full Natural,"Pine Wood, Plywood, Rattan",NC Lacquer,Full Assembly,,https://uwitan.id/wp-content/uploads/2021/04/1-Furniture-Veromi-Kitchen-Cabinet.jpg,/home/azureuser/katalog_500_images/237_veromi_kitchen_cabinet.jpg,https://uwitan.id/product/veromi-kitchen-cabinet/
Alano 2×2 Drawer,Lemari & Laci,Rp 5.800.000,"125 × 49 × 79,5 cm",180 kg,Natural,Pine Wood,NC Lacquer,Full Assembly,,https://uwitan.id/wp-content/uploads/2025/08/IMG_6488-min.jpeg,/home/azureuser/katalog_500_images/238_alano_2_2_drawer.jpeg,https://uwitan.id/product/alano-2x2-drawer/
Harumi Side Board,Home Decor & Living,Rp 4.800.000,130 × 40 × 75 cm,"99,2 kg",Full Natural,"Pine Wood, Rattan",NC Lacquer,Assembled / Knockdown,,https://uwitan.id/wp-content/uploads/2020/06/1-furniture-kabinet-harumi-side-board.jpeg,/home/azureuser/katalog_500_images/239_harumi_side_board.jpeg,https://uwitan.id/product/harumi-side-board/
Alana Pantry Cabinet,Lemari & Laci,Rp 9.400.000,165 × 48 × 195 cm,346 kg,Natural,"Kaca, Pine Wood, Plywood",NC Lacquer,Full Assembly,,https://uwitan.id/wp-content/uploads/2022/07/furniture-alana-pantry-cabinet-4.jpg,/home/azureuser/katalog_500_images/240_alana_pantry_cabinet.jpg,https://uwitan.id/product/alana-pantry-cabinet/
Nafa Credenza,Lemari & Laci,Rp 2.985.000,70 × 30 × 89 cm,41 kg,Full Natural,"Kaca, Pine Wood, Plywood",NC Lacquer,Full Assembly,,https://uwitan.id/wp-content/uploads/2021/01/1-furniture-lemari-nafa-crerdenza.jpeg,/home/azureuser/katalog_500_images/241_nafa_credenza.jpeg,https://uwitan.id/product/nafa-credenza/
Koru Wardrobe,Home Decor & Living,Rp 11.500.000,130 × 50 × 200 cm,294 kg,Full Natural,Pine Wood,NC Lacquer,Full Assembly,,https://uwitan.id/wp-content/uploads/2021/07/1.-Furniture-Lemari-Koru-Wardrobe.jpg,/home/azureuser/katalog_500_images/242_koru_wardrobe.jpg,https://uwitan.id/product/koru-wardrobe/
Ona Dresser – Cermin Badan Cermin Gantung Laci Minimalis,Cermin & Dekorasi Dinding,Rp 3.200.000,"72,5 × 43 × 200 cm",10 kg,Full Natural,"Mirror, Pine Wood",NC Lacquer,Semi Knockdown,,https://uwitan.id/wp-content/uploads/2023/11/CHO05447-edit-1024x768.png,/home/azureuser/katalog_500_images/243_ona_dresser___cermin_badan_cermin_g.png,https://uwitan.id/product/ona-dresser-cermin-badan-cermin-gantung-laci-minimalis/
Ona Mirror,Cermin & Dekorasi Dinding,Rp 1.875.000,60 × 58 × 160 cm,-,Natural,"Mirror, Pine Wood",NC Lacquer,Full Assembly,,https://uwitan.id/wp-content/uploads/2023/01/editCHO00986-scaled.jpg,/home/azureuser/katalog_500_images/244_ona_mirror.jpg,https://uwitan.id/product/ona-mirror-uwitan/
Sliding Credenza,Lemari & Laci,Rp 4.200.000,120 × 35 × 95 cm,"102,375 kg",Full Natural,Pine Wood,NC Lacquer,Assembled / Knockdown,,https://uwitan.id/wp-content/uploads/2018/05/2-Furniture-Sliding-Credenza-Uwitan.jpg,/home/azureuser/katalog_500_images/245_sliding_credenza.jpg,https://uwitan.id/product/sliding-credenza/
Alana 1×5 Cabinet,Lemari & Laci,Rp 5.200.000,64 × 45 × 126 cm,"92,33333 kg",Full Natural,"Pine Wood, Plywood",NC Lacquer,Assembled / Knockdown,,https://uwitan.id/wp-content/uploads/2020/09/1.-Furniture-Lemari-Alana-1x5-Cabinet.jpeg,/home/azureuser/katalog_500_images/246_alana_1_5_cabinet.jpeg,https://uwitan.id/product/alana-1x5-cabinet/
Simple Hanger Large Natural – Standing Hanger Minimalis,Rak & Storage,Rp 985.000,"90 × 40,5 × 151 cm",89 kg,Full Natural,Pine Wood,NC Lacquer,Full Assembly,,https://uwitan.id/wp-content/uploads/2024/05/CHO01731-min-2-scaled.jpg,/home/azureuser/katalog_500_images/247_simple_hanger_large_natural___stand.jpg,https://uwitan.id/product/simple-hanger-large-natural-2/
Harumi Credenza,Lemari & Laci,Rp 2.850.000,80 × 35 × 95 cm,71 kg,Full Natural,"Pine Wood, Plywood, Rattan",NC Lacquer,Full Assembly,,https://uwitan.id/wp-content/uploads/2021/09/Furniture-Harumi-Cabinet-02.jpg,/home/azureuser/katalog_500_images/248_harumi_credenza.jpg,https://uwitan.id/product/harumi-credenza-coak/
Haruco Wardrobe Drawer,Lemari & Laci,Rp 3.500.000,80 × 40 × 160 cm,"127,5 kg",Full Natural,"Pine Wood, Plywood",NC Lacquer,Assembled / Knockdown,,https://uwitan.id/wp-content/uploads/2021/02/1-furniture-lemari-haruco-wardrobe-drawer.jpg,/home/azureuser/katalog_500_images/249_haruco_wardrobe_drawer.jpg,https://uwitan.id/product/haruco-wardrobe-drawer/
Jerujen Wardrobe,Home Decor & Living,Rp 7.300.000,120 × 47 × 180 cm,235 kg,Full Natural,Pine Wood,NC Lacquer,Full Assembly,,https://uwitan.id/wp-content/uploads/2021/05/1-furniture-lemari-jerujen-wardrobe.jpeg,/home/azureuser/katalog_500_images/250_jerujen_wardrobe.jpeg,https://uwitan.id/product/jerujen-wardrobe/
Salami Wardrobe,Home Decor & Living,Rp 4.800.000,100 × 40 × 180 cm,120 kg,Full Natural,Pine Wood,NC Lacquer,Assembled / Knockdown,,https://uwitan.id/wp-content/uploads/2020/09/1-Furniture-Salami-Wardrobe-Uwitan.jpg,/home/azureuser/katalog_500_images/251_salami_wardrobe.jpg,https://uwitan.id/product/salami-wardrobe/
Tetra Mirror L,Cermin & Dekorasi Dinding,Rp 650.000,69 × 4 × 69 cm,10 kg,Full Natural,"Pine Wood, Mirror",NC Lacquer,Full Assembly,,https://uwitan.id/wp-content/uploads/2024/09/2.jpg,/home/azureuser/katalog_500_images/252_tetra_mirror_l.jpg,https://uwitan.id/product/tetra-mirror-l/
Komang Wardrobe,Home Decor & Living,Rp 8.500.000,104 × 52 × 200 cm,248 kg,Full Natural,Pine Wood,NC Lacquer,Full Assembly,,https://uwitan.id/wp-content/uploads/2022/09/furniture-komang-wardrobe-3.jpg,/home/azureuser/katalog_500_images/253_komang_wardrobe.jpg,https://uwitan.id/product/komang-wardrobe/
Veromi Book Case,Home Decor & Living,Rp 4.850.000,60 × 30 × 200 cm,98 kg,Full Natural,"Kaca, Pine Wood, Plywood",NC Lacquer,Full Assembly,,https://uwitan.id/wp-content/uploads/2021/03/1-Furniture-Veromi-Book-Case.jpg,/home/azureuser/katalog_500_images/254_veromi_book_case.jpg,https://uwitan.id/product/veromi-book-case/
Alana 2×4 Cabinet,Lemari & Laci,Rp 7.800.000,130 × 48 × 107 cm,130 kg,Full Natural,Pine Wood,NC Lacquer,Assembled / Knockdown,,https://uwitan.id/wp-content/uploads/2020/07/1.-Furniture-Lemari-Alana-2x4-Cabinet.jpeg,/home/azureuser/katalog_500_images/255_alana_2_4_cabinet.jpeg,https://uwitan.id/product/alana-2x4-cabinet/
Mentari Mirror,Cermin & Dekorasi Dinding,Rp 325.000,83 × 83 × 5 cm,"21,6 kg",Full Natural,"Mirror, Rattan",NC Lacquer,Assembled / Knockdown,,https://uwitan.id/wp-content/uploads/2019/05/1-furniture-aksesoris-mentari-mirror.jpg,/home/azureuser/katalog_500_images/256_mentari_mirror.jpg,https://uwitan.id/product/mentari-mirror/
Harumi Dining Table,Meja & Konsol,Rp 4.800.000,31 × 80 × 75 cm,"52,3 kg",Full Natural,"Pine Wood, Plywood",NC Lacquer,Full Assembly,,https://uwitan.id/wp-content/uploads/2021/09/1-furniture-meja-harumi-dining-table.jpg,/home/azureuser/katalog_500_images/257_harumi_dining_table.jpg,https://uwitan.id/product/harumi-dining-table/
Harumi Wardrobe + Drawer,Lemari & Laci,Rp 3.950.000,80 × 40 × 160 cm,"127,5 kg",Full Natural,"Pine Wood, Rattan",NC Lacquer,Assembled / Knockdown,,https://uwitan.id/wp-content/uploads/2019/10/furniture-harumi-wardrobe-drawer.jpg,/home/azureuser/katalog_500_images/258_harumi_wardrobe___drawer.jpg,https://uwitan.id/product/harumi-wardrobe-drawer/
Alana Bed 3 Side Drawer 180,Lemari & Laci,Rp 7.950.000,205 × 185 × 25 cm,"282,2 kg",Full Natural,Pine Wood,NC Lacquer,Assembled / Knockdown,,https://uwitan.id/wp-content/uploads/2022/01/furniture-bed-alana-bed-3-side-drawer-160.jpg,/home/azureuser/katalog_500_images/259_alana_bed_3_side_drawer_180.jpg,https://uwitan.id/product/alana-bed-3-side-drawer-180/
Alana Wardrobe,Home Decor & Living,Rp 7.950.000,80 × 50 × 200 cm,180 kg,Full Natural,"Pine Wood, Plywood",NC Lacquer,Assembled / Knockdown,,https://uwitan.id/wp-content/uploads/2018/12/1.-Furniture-Lemari-Alana-Wardrobe.jpeg,/home/azureuser/katalog_500_images/260_alana_wardrobe.jpeg,https://uwitan.id/product/alana-wardrobe/
Salami Pantry Cabinet,Lemari & Storage,Rp 10.800.000,160 × 35 × 200 cm,"255,5 kg",Full Natural,Pine Wood,NC Lacquer,Assembled / Knockdown,,https://uwitan.id/wp-content/uploads/2020/09/1-Furniture-Salami-Pantry-Cabinet-Uwitan.jpg,/home/azureuser/katalog_500_images/261_salami_pantry_cabinet.jpg,https://uwitan.id/product/salami-pantry-cabinet/
Harumi Cabinet,Lemari & Storage,Rp 13.500.000,150 × 50 × 200 cm,336 kg,Full Natural,"Pine Wood, Plywood, Rattan",NC Lacquer,Full Assembly,,https://uwitan.id/wp-content/uploads/2022/01/furniture-lemari-penyimpanan-harumi-cabinet.jpg,/home/azureuser/katalog_500_images/262_harumi_cabinet.jpg,https://uwitan.id/product/harumi-cabinet/
Alana Wardrobe 3 Pintu,Home Decor & Living,Rp 9.250.000,120 × 50 × 200 cm,273 kg,Full Natural,Pine Wood,NC Lacquer,Assembled / Knockdown,,https://uwitan.id/wp-content/uploads/2019/02/1-furniture-lemari-Alana-Wardrobe-3-Pintu.jpg,/home/azureuser/katalog_500_images/263_alana_wardrobe_3_pintu.jpg,https://uwitan.id/product/alana-wardrobe-3-pintu/
Econo Wardrobe,Home Decor & Living,Rp 5.950.000,120 × 50 × 180 cm,247 kg,Full Natural,"Pine Wood, Plywood",NC Lacquer,Assembled / Knockdown,,https://uwitan.id/wp-content/uploads/2020/03/1.-Furniture-Lemari-Econo-Wardrobe.jpeg,/home/azureuser/katalog_500_images/264_econo_wardrobe.jpeg,https://uwitan.id/product/econo-wardrobe/
Nafa Shelf and Desk,Meja & Konsol,Rp 5.350.000,80 × 35 × 200 cm,116 kg,Full Natural,"Pine Wood, Plywood",NC Lacquer,Assembled / Knockdown,,https://uwitan.id/wp-content/uploads/2020/10/1-furniture-meja-nafa-shelf-and-desk.jpeg,/home/azureuser/katalog_500_images/265_nafa_shelf_and_desk.jpeg,https://uwitan.id/product/nafa-shelf-and-desk/
Ladder Mirror,Cermin & Dekorasi,Rp 685.000,34 × 10 × 173 cm,15 kg,Full Natural,Pine Wood,NC Lacquer,Full Assembly,,https://uwitan.id/wp-content/uploads/2024/08/20240702142747_IMG_9198-01-min-scaled.jpeg,/home/azureuser/katalog_500_images/266_ladder_mirror.jpeg,https://uwitan.id/product/ladder-mirror/
Econo Bedframe 90,Tempat Tidur,Rp 4.200.000,Custom Sesuai Pesanan,-,Natural Wood,Kayu Solid Pilihan,NC Lacquer / Natural,Assembled / Knockdown,,https://uwitan.id/wp-content/uploads/2020/09/Copy-of-IMG_6977.jpg,/home/azureuser/katalog_500_images/267_econo_bedframe_90.jpg,https://uwitan.id/product/econo-bedframe-90/
Simple Credenza,Lemari & Storage,Rp 2.650.000,80 × 35 × 95 cm,"70,875 kg",Full Natural,"Kaca, Pine Wood",NC Lacquer,Assembled / Knockdown,,https://uwitan.id/wp-content/uploads/2018/05/1-Furniture-Simple-Credenza-Uwitan.jpg,/home/azureuser/katalog_500_images/268_simple_credenza.jpg,https://uwitan.id/product/simple-credenza/
Alana Side Board,Home Decor & Living,Rp 6.500.000,160 × 35 × 80 cm,54 kg,Full Natural,Pine Wood,NC Lacquer,Assembled / Knockdown,,https://uwitan.id/wp-content/uploads/2020/06/2.-Furniture-Lemari-Alana-Side-Board.jpg,/home/azureuser/katalog_500_images/269_alana_side_board.jpg,https://uwitan.id/product/alana-side-board/
Harumi Dressing Table (salin),Meja & Konsol,Rp 3.650.000,90 × 42 × 140 cm,85 kg,Full Natural,"Pine Wood, Rattan",NC Lacquer,Full Assembly,,https://uwitan.id/wp-content/uploads/2026/01/IMG_1093.jpeg,/home/azureuser/katalog_500_images/270_harumi_dressing_table__salin.jpeg,https://uwitan.id/product/harumi-dressing-table-salin/
Dressing Table 134 Natural White,Meja & Konsol,Rp 2.750.000,67 × 40 × 78 cm,"56,5 kg",Full White,Pine Wood,NC Lacquer,Assembled / Knockdown,,https://uwitan.id/wp-content/uploads/2018/07/1.-Furniture-Meja-Dressing-Table-134-Natural-white.jpg,/home/azureuser/katalog_500_images/271_dressing_table_134_natural_white.jpg,https://uwitan.id/product/dressing-table-134-natural-white/
Wolu Coffee Table,Meja & Konsol,Rp 1.850.000,"90,5 × 45 × 61 cm",90 kg,Natural,Pine Wood,NC Lacquer,Full Assembly,,https://uwitan.id/wp-content/uploads/2025/10/IMG_9331-min.jpeg,/home/azureuser/katalog_500_images/272_wolu_coffee_table.jpeg,https://uwitan.id/product/wolu-coffee-table/
Alana Dressing Table S,Meja & Konsol,Rp 2.750.000,50 × 40 × 75 cm,"42,5 kg",Full Natural,"Mirror, Pine Wood, Plywood",NC Lacquer,Full Assembly,,https://uwitan.id/wp-content/uploads/2018/10/1.-Furniture-Meja-Rias-Alana-Dressing-Table-S.jpeg,/home/azureuser/katalog_500_images/273_alana_dressing_table_s.jpeg,https://uwitan.id/product/alana-dressing-table-s/
Ayem Coffee Table,Meja & Konsol,Rp 1.850.000,"99,5 × 50 × 50,5 cm",70 kg,Natural,Pine Wood,NC Lacquer,Full Assembly,,https://uwitan.id/wp-content/uploads/2025/08/IMG_6879-min.jpeg,/home/azureuser/katalog_500_images/274_ayem_coffee_table.jpeg,https://uwitan.id/product/ayem-coffee-table/
Akar Mini Table,Meja & Konsol,Rp 530.000,45 × 45 × 53 cm,35 kg,Natural,Rattan,NC Lacquer,Full Assembly,,https://uwitan.id/wp-content/uploads/2025/08/IMG_5810-min.jpeg,/home/azureuser/katalog_500_images/275_akar_mini_table.jpeg,https://uwitan.id/product/akar-mini-table/
Daaru Table,Meja & Konsol,Rp 3.300.000,150 × 91 × 75 cm,80 kg,Natural,Pine Wood,NC Lacquer,Semi Knockdown,,https://uwitan.id/wp-content/uploads/2022/07/furniture-daaru-table-1.jpg,/home/azureuser/katalog_500_images/276_daaru_table.jpg,https://uwitan.id/product/daaru-table/
Ciko 2 Shelf,Rak & Display,Rp 735.000,"42,5 × 42,5 × 55 cm",25 kg,Natural,"Pine Wood, Patterned Glass",NC Lacquer,Knockdown,,https://uwitan.id/wp-content/uploads/2025/08/IMG_6905-min.jpeg,/home/azureuser/katalog_500_images/277_ciko_2_shelf.jpeg,https://uwitan.id/product/ciko-2-shelf/
Ona TV Table,Meja & Konsol,Rp 3.600.000,140 × 35 × 45 cm,90 kg,Full Natural,Pine Wood,NC Lacquer,Full Assembly,,https://uwitan.id/wp-content/uploads/2024/08/20240814111616_IMG_9163-01-min.jpeg,/home/azureuser/katalog_500_images/278_ona_tv_table.jpeg,https://uwitan.id/product/ona-tv-table/
Salami Coffee Table Small,Meja & Konsol,Rp 1.100.000,"60 × 60 × 31,5 cm",30 kg,Full Natural,Pine Wood,NC Lacquer,Full Assembly,,https://uwitan.id/wp-content/uploads/2021/04/1-Furniture-Salami-Coffee-Table-Small-Uwitan.jpg,/home/azureuser/katalog_500_images/279_salami_coffee_table_small.jpg,https://uwitan.id/product/salami-coffee-table-small/
Lio Ladder Table Natural,Meja & Konsol,Rp 2.450.000,90 × 40 × 160 cm,120 kg,Full Natural,Pine Wood,NC Lacquer,Assembled / Knockdown,,https://uwitan.id/wp-content/uploads/2020/09/1-furniture-meja-lio-ladder-table-natural.jpeg,/home/azureuser/katalog_500_images/280_lio_ladder_table_natural.jpeg,https://uwitan.id/product/lio-ladder-table-natural/
Alana Dressing Table L,Meja & Konsol,Rp 3.250.000,90 × 40 × 75 cm,"70,8 kg",Full Natural,Pine Wood,NC Lacquer,Assembled / Knockdown,,https://uwitan.id/wp-content/uploads/2018/07/1.-Furniture-Meja-Alana-Dressing-Table-L.jpeg,/home/azureuser/katalog_500_images/281_alana_dressing_table_l.jpeg,https://uwitan.id/product/alana-dressing-table-l/
Alana TV Table 4 Laci,Meja & Konsol,Rp 3.200.000,160 × 30 × 42 cm,"66,3 kg",Full Natural,Pine Wood,NC Lacquer,Assembled / Knockdown,,https://uwitan.id/wp-content/uploads/2018/07/1.-Furniture-Meja-TV-Alana-tv-table-4-laci.jpeg,/home/azureuser/katalog_500_images/282_alana_tv_table_4_laci.jpeg,https://uwitan.id/product/alana-tv-table-4-laci/
Alana TV Table 3 Laci + Rak,Meja & Konsol,Rp 2.750.000,105 × 35 × 60 cm,"53,7 kg",Full Natural,Pine Wood,NC Lacquer,Assembled / Knockdown,,https://uwitan.id/wp-content/uploads/2018/07/1.-Furniture-Meja-Tv-Alana-tv-table-3-laci-rak.jpeg,/home/azureuser/katalog_500_images/283_alana_tv_table_3_laci___rak.jpeg,https://uwitan.id/product/alana-tv-table-3-laci-rak/
Alana TV Table 3 Laci,Meja & Konsol,Rp 2.450.000,120 × 35 × 35 cm,"40,5 kg",Full Natural,Pine Wood,NC Lacquer,Assembled / Knockdown,,https://uwitan.id/wp-content/uploads/2018/07/1.-Furniture-Meja-TV-Alana-TV-Table-3-Laci.jpg,/home/azureuser/katalog_500_images/284_alana_tv_table_3_laci.jpg,https://uwitan.id/product/alana-tv-table-3-laci/
Liliput Table,Meja & Konsol,Rp 2.200.000,"120 × 55 × 50,5 cm",25 kg,Full Natural,Pine Wood,NC Lacquer,Knockdown,,https://uwitan.id/wp-content/uploads/2024/09/1000107524-01-min.jpeg,/home/azureuser/katalog_500_images/285_liliput_table.jpeg,https://uwitan.id/product/liliput-table/
Meja Kerja Liliput,Meja & Konsol,Rp 2.850.000,121 × 56 × 77 cm,55 kg,Full Natural,Pine Wood,NC Lacquer,Knockdown,,https://uwitan.id/wp-content/uploads/2024/11/IMG_4378-01-min.jpeg,/home/azureuser/katalog_500_images/286_meja_kerja_liliput.jpeg,https://uwitan.id/product/meja-kerja-liliput/
Bona Dining Table,Meja & Konsol,Rp 3.250.000,170 × 81 × 76 cm,120 kg,Natural,Pine Wood,NC Lacquer,Knockdown,,https://uwitan.id/wp-content/uploads/2025/11/IMG_0203-01-min.jpeg,/home/azureuser/katalog_500_images/287_bona_dining_table.jpeg,https://uwitan.id/product/bona-dining-table/
Meja Lipat Mini Brown,Meja & Konsol,Rp 245.000,53 × 32 × 20 cm,8 kg,Brown,Pine Wood,NC Lacquer,Full Assembly,,https://uwitan.id/wp-content/uploads/2024/09/IMG_7299-min-scaled.jpg,/home/azureuser/katalog_500_images/288_meja_lipat_mini_brown.jpg,https://uwitan.id/product/meja-lipat-mini-brown/
Valia Table,Meja & Konsol,Rp 1.750.000,50 × 40 × 68 cm,39 kg,Full Natural,Pine Wood,NC Lacquer,Full Assembly,,https://uwitan.id/wp-content/uploads/2021/12/1-furniture-valia-table.jpg,/home/azureuser/katalog_500_images/289_valia_table.jpg,https://uwitan.id/product/valia-table/
Mida Console Table,Meja & Konsol,Rp 2.250.000,90 × 40 × 75 cm,"70,8 kg",Full Natural,Pine Wood,NC Lacquer,Assembled / Knockdown,,https://uwitan.id/wp-content/uploads/2020/02/1-furniture-meja-mida-console-table.jpeg,/home/azureuser/katalog_500_images/290_mida_console_table.jpeg,https://uwitan.id/product/mida-console-table/
Dressing Table 134 Natural,Meja & Konsol,Rp 2.750.000,67 × 40 × 78 cm,"56,5 kg",Full Natural,Pine Wood,NC Lacquer,Assembled / Knockdown,,https://uwitan.id/wp-content/uploads/2019/12/1.-Furniture-Meja-Dressing-Table-134-Full-Natural.jpeg,/home/azureuser/katalog_500_images/291_dressing_table_134_natural.jpeg,https://uwitan.id/product/dressing-table-134-natural/
Alana 1×3 Cabinet,Lemari & Storage,Rp 3.950.000,64 × 45 × 82 cm,"62,4 kg",Full Natural,"Pine Wood, Plywood",NC Lacquer,Assembled / Knockdown,,https://uwitan.id/wp-content/uploads/2019/12/1.-Furniture-Lemari-Alana-1x3-Cabinet.jpg,/home/azureuser/katalog_500_images/292_alana_1_3_cabinet.jpg,https://uwitan.id/product/alana-1x3-cabinet/
Soko Table,Meja & Konsol,Rp 1.150.000,57 × 57 × 65 cm,-,Full Natural,Pine Wood,NC Lacquer,Full Assembly,,https://uwitan.id/wp-content/uploads/2023/05/CHO05424-scaled.jpg,/home/azureuser/katalog_500_images/293_soko_table.jpg,https://uwitan.id/product/soko-table/
Slider TV Table,Meja & Konsol,Rp 2.350.000,90 × 45 × 102 cm,120 kg,Natural,Pine Wood,NC Lacquer,Semi-Knockdown,,https://uwitan.id/wp-content/uploads/2025/12/IMG_0361.jpeg,/home/azureuser/katalog_500_images/294_slider_tv_table.jpeg,https://uwitan.id/product/slider-tv-table/
Citra Table,Meja & Konsol,Rp 485.000,45 × 45 × 45 cm,-,Full Natural,Rattan,NC Lacquer,Full Assembly,,https://uwitan.id/wp-content/uploads/2023/05/CHO05899-scaled.jpg,/home/azureuser/katalog_500_images/295_citra_table.jpg,https://uwitan.id/product/citra-table/
Harumi Wardrobe,Home Decor & Living,Rp 3.300.000,80 × 40 × 116 cm,"93,5 kg",Full Natural,"Pine Wood, Rattan",NC Lacquer,Assembled / Knockdown,,https://uwitan.id/wp-content/uploads/2019/12/IMG_3352.jpg,/home/azureuser/katalog_500_images/296_harumi_wardrobe.jpg,https://uwitan.id/product/harumi-wardrobe/
Rumi Tray Table,Meja & Konsol,Rp 985.000,55 × 55 × 56 cm,45 kg,Natural,Rattan,NC Lacquer,Full Assembly,,https://uwitan.id/wp-content/uploads/2025/07/IMG_5827-min.jpeg,/home/azureuser/katalog_500_images/297_rumi_tray_table.jpeg,https://uwitan.id/product/rumi-tray-table/
Simple Side Table Large Natural,Meja & Konsol,Rp 1.450.000,50 × 40 × 61 cm,"25,5 kg",Full Natural,Pine Wood,NC Lacquer,Full Assembly,,https://uwitan.id/wp-content/uploads/2021/02/1-Furniture-Simple-Side-Table-Large-Uwitan.jpg,/home/azureuser/katalog_500_images/298_simple_side_table_large_natural.jpg,https://uwitan.id/product/simple-side-table-large-natural/
Ayem Dining Table,Meja & Konsol,Rp 3.650.000,110 × 110 × 75 cm,300 kg,Natural,Pine Wood,NC Lacquer,Full Assembly,,https://uwitan.id/wp-content/uploads/2025/10/IMG_8951-min.jpeg,/home/azureuser/katalog_500_images/299_ayem_dining_table.jpeg,https://uwitan.id/product/ayem-dining-table/
Rona Coffee Table,Meja & Konsol,Rp 2.850.000,85 × 85 × 44 cm,65 kg,Full Natural,Pine Wood,NC Lacquer,Knockdown,,https://uwitan.id/wp-content/uploads/2024/08/1000105416-01-min.jpeg,/home/azureuser/katalog_500_images/300_rona_coffee_table.jpeg,https://uwitan.id/product/rona-coffee-table/
Minima Dressing Table – Meja Rias Minimalis,Meja & Konsol,Rp 1.950.000,70 × 36 × 126 cm,-,Full Natural,Pine Wood,NC Lacquer,Full Assembly,,https://uwitan.id/wp-content/uploads/2024/08/1000103841-01-min.jpeg,/home/azureuser/katalog_500_images/301_minima_dressing_table___meja_rias_m.jpeg,https://uwitan.id/product/minima-dressing-table-meja-rias-minimalis/
Mini Round Table,Meja & Konsol,Rp 1.450.000,60 × 60 × 75 cm,30 kg,Natural,Pine Wood,NC Lacquer,Knockdown,,https://uwitan.id/wp-content/uploads/2025/10/IMG_8619-min-1.jpeg,/home/azureuser/katalog_500_images/302_mini_round_table.jpeg,https://uwitan.id/product/mini-round-table/
Folding Coffee Table,Meja & Konsol,Rp 1.950.000,Custom Sesuai Pesanan,-,Full Natural,Pine Wood,NC Lacquer,Full Assembly,,https://uwitan.id/wp-content/uploads/2023/03/CHO03028-scaled.jpg,/home/azureuser/katalog_500_images/303_folding_coffee_table.jpg,https://uwitan.id/product/folding-coffee-table/
Jerujen Coffee Table,Meja & Konsol,Rp 2.950.000,80 × 80 × 50 cm,81 kg,Natural,Pine Wood,NC Lacquer,Full Assembly,,https://uwitan.id/wp-content/uploads/2022/07/20220707-CHO02208.webp,/home/azureuser/katalog_500_images/304_jerujen_coffee_table.webp,https://uwitan.id/product/jerujen-coffee-table/
Jerujen Side Table,Meja & Konsol,Rp 1.350.000,42 × 42 × 55 cm,29 kg,Natural,Pine Wood,NC Lacquer,Full Assembly,,https://uwitan.id/wp-content/uploads/2022/07/furniture-jerujen-side-table-1.webp,/home/azureuser/katalog_500_images/305_jerujen_side_table.webp,https://uwitan.id/product/jerujen-side-table/
Multi Table Round S,Meja & Konsol,Rp 1.850.000,97 × 60 × 33 cm,-,Natural,Pine Wood,NC Lacquer,Full Assembly,,https://uwitan.id/wp-content/uploads/2023/02/IMG_1120-scaled.jpg,/home/azureuser/katalog_500_images/306_multi_table_round_s.jpg,https://uwitan.id/product/multi-table-round-s/
Harumi Folding Table,Meja & Konsol,Rp 850.000,59 × 42 × 69 cm,22 kg,Full Natural,Pine Wood,NC Lacquer,Assembled / Knockdown,,https://uwitan.id/wp-content/uploads/2020/07/1-furniture-meja-harumi-folding-table.jpg,/home/azureuser/katalog_500_images/307_harumi_folding_table.jpg,https://uwitan.id/product/harumi-folding-table/
Classic Side Table Natural,Meja & Konsol,Rp 985.000,40 × 40 × 50 cm,25 kg,Full Natural,Pine Wood,NC Lacquer,Assembled / Knockdown,,https://uwitan.id/wp-content/uploads/2020/04/1.-Furniture-Meja-Classic-Side-Table-Natural.jpeg,/home/azureuser/katalog_500_images/308_classic_side_table_natural.jpeg,https://uwitan.id/product/classic-side-table-natural/
Harumi Meja Konsol,Meja & Konsol,Rp 1.850.000,60 × 45 × 75 cm,"54,5 kg",Full Natural,"Pine Wood, Rattan",NC Lacquer,Assembled / Knockdown,,https://uwitan.id/wp-content/uploads/2020/09/5-furniture-meja-harumi-meja-konsol.jpg,/home/azureuser/katalog_500_images/309_harumi_meja_konsol.jpg,https://uwitan.id/product/harumi-meja-konsol/
Pir Coffee Table,Meja & Konsol,Rp 1.850.000,100 × 52 × 45 cm,"62,5 kg",Natural,Pine Wood,NC Lacquer,Full Assembly,,https://uwitan.id/wp-content/uploads/2022/06/furniture-meja-pir-coffee-table-1.jpg,/home/azureuser/katalog_500_images/310_pir_coffee_table.jpg,https://uwitan.id/product/pir-coffee-table/
Harumi Side Table Square,Meja & Konsol,Rp 1.450.000,44 × 38 × 59 cm,"29,8 kg",Full White,"Pine Wood, Rattan",NC Lacquer,Assembled / Knockdown,,https://uwitan.id/wp-content/uploads/2020/07/1-furniture-meja-harumi-side-table-square.jpg,/home/azureuser/katalog_500_images/311_harumi_side_table_square.jpg,https://uwitan.id/product/harumi-side-table-square/
New Oval Table White Large,Meja & Konsol,Rp 1.650.000,120 × 60 × 34 cm,"66,7 kg",Full White,Pine Wood,NC Lacquer,Assembled / Knockdown,,https://uwitan.id/wp-content/uploads/2021/10/IMG_2038.jpg,/home/azureuser/katalog_500_images/312_new_oval_table_white_large.jpg,https://uwitan.id/product/new-oval-table-white-large/
Salami Rak Tangga,Rak & Display,Rp 1.550.000,70 × 34 × 192 cm,"118,5 kg",Full Natural,"Pine Wood, Plywood, Stailess Steel",NC Lacquer,Assembled / Knockdown,,https://uwitan.id/wp-content/uploads/2021/05/1-Furniture-Salami-Rak-Tangga-Uwitan.jpg,/home/azureuser/katalog_500_images/313_salami_rak_tangga.jpg,https://uwitan.id/product/salami-rak-tangga/
Fafa TV Cabinet,Lemari & Storage,Rp 5.950.000,180 × 40 × 75 cm,"134,6 kg",Full Natural,"Pine Wood, Plywood, Rattan",NC Lacquer,Full Assembly,,https://uwitan.id/wp-content/uploads/2021/03/1-furniture-meja-fafa-tv-cabinet.jpeg,/home/azureuser/katalog_500_images/314_fafa_tv_cabinet.jpeg,https://uwitan.id/product/fafa-tv-cabinet/
New Oval Table Natural Large,Meja & Konsol,Rp 1.650.000,120 × 60 × 34 cm,"66,7 kg",Full White,Pine Wood,NC Lacquer,Assembled / Knockdown,,https://uwitan.id/wp-content/uploads/2022/01/furniture-meja-new-oval-table-natural-large.jpg,/home/azureuser/katalog_500_images/315_new_oval_table_natural_large.jpg,https://uwitan.id/product/new-oval-table-natural-large/
Oval Table Lesahan,Meja & Konsol,Rp 1.850.000,120 × 80 × 35 cm,250 kg,Full Natural,Pine Wood,NC Lacquer,Assembled / Knockdown,,https://uwitan.id/wp-content/uploads/2020/06/IMG_9560.jpg,/home/azureuser/katalog_500_images/316_oval_table_lesahan.jpg,https://uwitan.id/product/oval-table-lesahan/
Meja Makan S,Meja & Konsol,Rp 1.650.000,60 × 60 × 75 cm,"31,1 kg",Full Natural,Pine Wood,NC Lacquer,Assembled / Knockdown,,https://uwitan.id/wp-content/uploads/2020/10/1-furniture-meja-makan-s-natural.jpeg,/home/azureuser/katalog_500_images/317_meja_makan_s.jpeg,https://uwitan.id/product/meja-makan-s/
Veromi Table,Meja & Konsol,Rp 4.650.000,100 × 50 × 200 cm,231 kg,Full Natural,"Kaca, Pine Wood, Plywood",NC Lacquer,Full Assembly,,https://uwitan.id/wp-content/uploads/2021/03/1-Furniture-Veromi-Table.jpg,/home/azureuser/katalog_500_images/318_veromi_table.jpg,https://uwitan.id/product/veromi-table/
Kaja Folding Table,Meja & Konsol,Rp 3.650.000,149 × 79 × 73 cm,"67,8 kg",Brown Natural,Teak Wood,NC Lacquer,Full Assembly,,https://uwitan.id/wp-content/uploads/2021/07/1.-Furniture-Meja-Kaja-Folding-Table-1.jpg,/home/azureuser/katalog_500_images/319_kaja_folding_table.jpg,https://uwitan.id/product/kaja-folding-table/
Meja Lipat Besar Natural,Meja & Konsol,Rp 590.000,60 × 40 × 32 cm,"9,3 kg",White – Natural,"Mahogany Wood, MDF, Plywood","Duco, NC Lacquer",Assembled / Knockdown,,https://uwitan.id/wp-content/uploads/2022/10/furniture-meja-meja-lipat-natural-3.jpg,/home/azureuser/katalog_500_images/320_meja_lipat_besar_natural.jpg,https://uwitan.id/product/meja-lipat-besar-natural/
Harumi TV Table 5 Drawer,Meja & Konsol,Rp 4.850.000,200 × 35 × 50 cm,"86,6 kg",Full Natural,"Pine Wood, Rattan",NC Lacquer,Full Assembly,,https://uwitan.id/wp-content/uploads/2021/08/Harumi-TV-Table-5-Laci-1.jpg,/home/azureuser/katalog_500_images/321_harumi_tv_table_5_drawer.jpg,https://uwitan.id/product/harumi-tv-table-5-drawer/
Salami TV Table 4 Drawer,Meja & Konsol,Rp 3.800.000,160 × 35 × 45 cm,"70,1 kg",Full Natural,Pine Wood,NC Lacquer,Assembled / Knockdown,,https://uwitan.id/wp-content/uploads/2021/08/1-furniture-meja-salami-tv-table-4-drawer.jpg,/home/azureuser/katalog_500_images/322_salami_tv_table_4_drawer.jpg,https://uwitan.id/product/salami-tv-table-4-drawer/
Salami TV Table 5 Drawer,Meja & Konsol,Rp 4.650.000,200 × 35 × 45 cm,"86,6 kg",Full Natural,Pine Wood,NC Lacquer,Assembled / Knockdown,,https://uwitan.id/wp-content/uploads/2020/06/1.-Furniture-Meja-TV-Alana-TV-Table-5-Laci.jpg,/home/azureuser/katalog_500_images/323_salami_tv_table_5_drawer.jpg,https://uwitan.id/product/salami-tv-table-5-drawer/
Meja Lipat Mahoni,Meja & Konsol,Rp 385.000,89 × 89 × 45 cm,"36,3 kg",Brown,Mahogany Wood,NC Lacquer,Assembled / Knockdown,,https://uwitan.id/wp-content/uploads/2021/09/Furniture-Meja-Lipat-Mahoni-1.jpg,/home/azureuser/katalog_500_images/324_meja_lipat_mahoni.jpg,https://uwitan.id/product/meja-lipat-mahoni/
Mida Dining Table,Meja & Konsol,Rp 2.600.000,"130 × 65 × 75,5 cm",35 kg,Full Natural,Pine Wood,NC Lacquer,Knockdown,,https://uwitan.id/wp-content/uploads/2022/01/furniture-meja-makan-minimalis.jpg,/home/azureuser/katalog_500_images/325_mida_dining_table.jpg,https://uwitan.id/product/mida-dining-table/
Mida Side Table 3 Drawer,Meja & Konsol,Rp 1.650.000,40 × 40 × 46 cm,"23,3 kg",Full Natural,Pine Wood,NC Lacquer,Assembled / Knockdown,,https://uwitan.id/wp-content/uploads/2020/03/1-furniture-meja-mida-side-table-3-drawer.jpg,/home/azureuser/katalog_500_images/326_mida_side_table_3_drawer.jpg,https://uwitan.id/product/mida-side-table-3-drawer/
New Oval Table Natural,Meja & Konsol,Rp 1.450.000,90 × 40 × 34 cm,"29,3 kg",Full Natural,Pine Wood,NC Lacquer,Assembled / Knockdown,,https://uwitan.id/wp-content/uploads/2020/04/4-furniture-meja-new-oval-coffee-table.jpg,/home/azureuser/katalog_500_images/327_new_oval_table_natural.jpg,https://uwitan.id/product/new-oval-coffee-table/
Meja Makan L,Meja & Konsol,Rp 3.250.000,160 × 85 × 75 cm,"61,9 kg",Full Natural,Pine Wood,NC Lacquer,Assembled / Knockdown,,https://uwitan.id/wp-content/uploads/2019/03/1-furniture-meja-makan-L.jpg,/home/azureuser/katalog_500_images/328_meja_makan_l.jpg,https://uwitan.id/product/meja-makan-l/
Meja Makan M,Meja & Konsol,Rp 2.750.000,120 × 66 × 75 cm,"32,9 kg",Full Natural,Pine Wood,NC Lacquer,Assembled / Knockdown,,https://uwitan.id/wp-content/uploads/2019/09/1-furniture-meja-makan-m-natural.jpg,/home/azureuser/katalog_500_images/329_meja_makan_m.jpg,https://uwitan.id/product/meja-makan-m/
Daarish Multi Table Round,Meja & Konsol,Rp 1.950.000,55 × 55 × 52 cm,"39,3 kg",Full Natural,Pine Wood,NC Lacquer,Assembled / Knockdown,,https://uwitan.id/wp-content/uploads/2019/01/1.-Furniture-Meja-Daarish-Multitable-Round.jpeg,/home/azureuser/katalog_500_images/330_daarish_multi_table_round.jpeg,https://uwitan.id/product/daarish-multi-table-round/
Alana Coffee Table,Meja & Konsol,Rp 1.950.000,90 × 39 × 40 cm,"40,5 kg",Full Natural,Pine Wood,NC Lacquer,Full Assembly,,https://uwitan.id/wp-content/uploads/2018/07/1.-Furniture-Meja-Alana-Coffee-Table.jpg,/home/azureuser/katalog_500_images/331_alana_coffee_table.jpg,https://uwitan.id/product/alana-coffee-table/
Harumi Side Table,Meja & Konsol,Rp 1.450.000,44 × 38 × 59 cm,"29,8 kg",Full White,"Pine Wood, Rattan",NC Lacquer,Assembled / Knockdown,,https://uwitan.id/wp-content/uploads/2020/04/1-furniture-meja-harumi-side-table.jpg,/home/azureuser/katalog_500_images/332_harumi_side_table.jpg,https://uwitan.id/product/harumi-side-table/
Daarish Multi Table,Meja & Konsol,Rp 1.950.000,58 × 53 × 45 cm,"39,3 kg",Full Natural,Pine Wood,NC Lacquer,Assembled / Knockdown,,https://uwitan.id/wp-content/uploads/2018/11/1.-Furniture-Meja-Daarish-Multitable.jpeg,/home/azureuser/katalog_500_images/333_daarish_multi_table.jpeg,https://uwitan.id/product/daarish-multi-table/
Oval Tea Table Natural,Meja & Konsol,Rp 1.750.000,80 × 45 × 40 cm,"41,25 kg",Full Natural,Pine Wood,NC Lacquer,Assembled / Knockdown,,https://uwitan.id/wp-content/uploads/2018/05/IMG_3979.jpg,/home/azureuser/katalog_500_images/334_oval_tea_table_natural.jpg,https://uwitan.id/product/oval-tea-table-natural/
Mida Side Table 2 Drawer,Meja & Konsol,Rp 1.450.000,40 × 40 × 45 cm,"21,1 kg",Full Natural,Pine Wood,NC Lacquer,Assembled / Knockdown,,https://uwitan.id/wp-content/uploads/2020/02/1-furniture-meja-mida-side-table-2-drawer.jpg,/home/azureuser/katalog_500_images/335_mida_side_table_2_drawer.jpg,https://uwitan.id/product/mida-side-table-2-drawer/
Ladder Hanger L Natural,Rak & Display,Rp 450.000,90 × 5 × 180 cm,"7,2 kg",Light Brown,Mahogany Wood,NC Lacquer,Assembled / Knockdown,,https://uwitan.id/wp-content/uploads/2020/04/1-furniture-rak-ladder-hanger-L-natural.jpg,/home/azureuser/katalog_500_images/336_ladder_hanger_l_natural.jpg,https://uwitan.id/product/ladder-hanger-l-natural/
Jemuran Lipat Jati Small,Home Decor & Living,Rp 485.000,74 × 41 × 31 cm,"10,9 kg",Brown,Teak Wood,NC Lacquer,Full Assembly,,https://uwitan.id/wp-content/uploads/2021/10/furniture-aksesoris-jemuran-lipat-jati-s-1.jpg,/home/azureuser/katalog_500_images/337_jemuran_lipat_jati_small.jpg,https://uwitan.id/product/jemuran-lipat-jati-small/
Multi Table S,Meja & Konsol,Rp 1.850.000,"97,5 × 60 × 33 cm","35,1 kg",Full Natural,Pine Wood,NC Lacquer,Assembled / Knockdown,,https://uwitan.id/wp-content/uploads/2018/05/1-furniture-meja-multi-table-s.jpg,/home/azureuser/katalog_500_images/338_multi_table_s.jpg,https://uwitan.id/product/multi-table-s/
Jemuran Lipat Jati Large,Home Decor & Living,Rp 985.000,150 × 89 × 46 cm,"35,8 kg",Brown,Teak Wood,NC Lacquer,Full Assembly,,https://uwitan.id/wp-content/uploads/2021/08/1-furniture-jemuran-lipat-jati.jpg,/home/azureuser/katalog_500_images/339_jemuran_lipat_jati_large.jpg,https://uwitan.id/product/jemuran-lipat-jati/
Alana Bed 3 Drawer 120,Lemari & Storage,Rp 5.400.000,205 × 125 × 25 cm,"217,7 kg",Full Natural,Pine Wood,NC Lacquer,Assembled / Knockdown,,https://uwitan.id/wp-content/uploads/2020/03/1-Furniture-Alana-Bed-3-Drawer-120.jpg,/home/azureuser/katalog_500_images/340_alana_bed_3_drawer_120.jpg,https://uwitan.id/product/alana-bed-3-drawer-120/
Classic Bed 160,Tempat Tidur,Rp 6.500.000,"170 × 210 × 37,5 cm","279,7 kg",Full Natural,Pine Wood,NC Lacquer,Assembled / Knockdown,,https://uwitan.id/wp-content/uploads/2019/10/1-Furniture-Dipan-Classic-Bed-160.jpg,/home/azureuser/katalog_500_images/341_classic_bed_160.jpg,https://uwitan.id/product/classic-bed/
Alana Bed 3 Side Drawer 120,Lemari & Storage,Rp 5.650.000,205 × 125 × 25 cm,"217,7 kg",Full Natural,Pine Wood,NC Lacquer,Assembled / Knockdown,,https://uwitan.id/wp-content/uploads/2019/10/1-Furniture-Dipan-Alana-Bed-3-Side-Drawer-120.jpg,/home/azureuser/katalog_500_images/342_alana_bed_3_side_drawer_120.jpg,https://uwitan.id/product/alana-bed-3-side-drawer/
Ladder Hanger L Natural White,Rak & Display,Rp 450.000,90 × 5 × 180 cm,"7,2 kg",Light Brown,Mahogany Wood,NC Lacquer,Assembled / Knockdown,,https://uwitan.id/wp-content/uploads/2020/08/IMG_3923.jpg,/home/azureuser/katalog_500_images/343_ladder_hanger_l_natural_white.jpg,https://uwitan.id/product/ladder-hanger-l-natural-white/
Classic Bed 120,Tempat Tidur,Rp 5.300.000,200 × 120 × 37 cm,-,Full Natural,Pine Wood,NC Lacquer,Full Assembly,,https://uwitan.id/wp-content/uploads/2023/03/WhatsApp-Image-2023-03-05-at-1.47.15-PM.jpeg,/home/azureuser/katalog_500_images/344_classic_bed_120.jpeg,https://uwitan.id/product/classic-bed-120/
Simple Hanger Natural,Rak & Display,Rp 595.000,64 × 40 × 146 cm,"40,9 kg",Full Natural,Pine Wood,NC Lacquer,Assembled / Knockdown,,https://uwitan.id/wp-content/uploads/2020/06/20241026142541_IMG_3134-01-min.jpeg,/home/azureuser/katalog_500_images/345_simple_hanger_natural.jpeg,https://uwitan.id/product/simple-hanger-natural/
Standing Lamp Monopod,Rak & Display,Rp 1.350.000,40 × 40 × 143 cm,65 kg,Full Natural,Teak Wood,NC Lacquer,Assembled / Knockdown,,https://uwitan.id/wp-content/uploads/2018/09/1-furniture-aksesoris-standing-lamp-monopod.jpg,/home/azureuser/katalog_500_images/346_standing_lamp_monopod.jpg,https://uwitan.id/product/standing-lamp-monopod/
Harumi Sketsel Rattan,Home Decor & Living,Rp 2.350.000,121 × 23 × 156 cm,"26,3 kg",Full Natural,"Pine Wood, Rattan",NC Lacquer,Assembled / Knockdown,,https://uwitan.id/wp-content/uploads/2019/10/Furniture-aksesoris-harumi-rattan-sketsel.jpg,/home/azureuser/katalog_500_images/347_harumi_sketsel_rattan.jpg,https://uwitan.id/product/harumi-sketsel/
Dowo Hanger,Rak & Display,Rp 485.000,10 × 20 × 100 cm,20 kg,Natural,Pine Wood,NC Lacquer,Full Assembly,,https://uwitan.id/wp-content/uploads/2025/09/IMG_5949-min.jpeg,/home/azureuser/katalog_500_images/348_dowo_hanger.jpeg,https://uwitan.id/product/dowo-hanger/
Standing Lamp Tripod,Rak & Display,Rp 1.650.000,45 × 45 × 173 cm,76 kg,Brown Natural,Teak Wood,NC Lacquer,Assembled / Knockdown,,https://uwitan.id/wp-content/uploads/2018/09/furniture-aksesoris-standing-lamp-tripod-1.jpg,/home/azureuser/katalog_500_images/349_standing_lamp_tripod.jpg,https://uwitan.id/product/standing-lamp-tripod/
Ona Sketsel,Home Decor & Living,Rp 3.200.000,127 × 57 × 170 cm,-,"Full Natural, Natural","Pine Wood, Rattan",NC Lacquer,Semi Knockdown,,https://uwitan.id/wp-content/uploads/2023/01/DSC02855-scaled.jpg,/home/azureuser/katalog_500_images/350_ona_sketsel.jpg,https://uwitan.id/product/ona-sketsel-uwitan/
Simple Hanger White,Rak & Display,Rp 595.000,64 × 40 × 146 cm,"40,9 kg",Full White,Pine Wood,NC Lacquer,Assembled / Knockdown,,https://uwitan.id/wp-content/uploads/2020/06/1-Furniture-Simple-Hanger-White-Uwitan.jpg,/home/azureuser/katalog_500_images/351_simple_hanger_white.jpg,https://uwitan.id/product/simple-hanger-white/
Rumah Kucing Tingkat,Home Decor & Living,Rp 450.000,51 × 40 × 40 cm,"34,4 kg",Full Natural,"Foam, Rattan",NC Lacquer,Assembled / Knockdown,,https://uwitan.id/wp-content/uploads/2025/12/IMG_5629-1-scaled.jpg,/home/azureuser/katalog_500_images/352_rumah_kucing_tingkat.jpg,https://uwitan.id/product/rumah-kucing-tingkat/
Keranjang Piknik,Home Decor & Living,Rp 245.000,40 × 29 × 23 cm,22 kg,Natural,Rattan,NC Lacquer,Full Assembly,,https://uwitan.id/wp-content/uploads/2025/09/CHO09924-min-scaled.jpg,/home/azureuser/katalog_500_images/353_keranjang_piknik.jpg,https://uwitan.id/product/keranjang-piknik/
New Rattan Picnic Basket,Home Decor & Living,Rp 210.000,43 × 29 × 37 cm,25 kg,Natural,Rattan,NC Lacquer,Full Assembly,,https://uwitan.id/wp-content/uploads/2025/09/20250821102817_IMG_7281-min.jpeg,/home/azureuser/katalog_500_images/354_new_rattan_picnic_basket.jpeg,https://uwitan.id/product/new-rattan-picnic-basket/
Mini Rug Colorful,Home Decor & Living,Rp 585.000,90 × 150 cm,2 kg,Natural Wood,Tenun,NC Lacquer / Natural,Assembled / Knockdown,,https://uwitan.id/wp-content/uploads/2021/05/Rug-Colorful.jpg,/home/azureuser/katalog_500_images/355_mini_rug_colorful.jpg,https://uwitan.id/product/mini-rug-colorful/
Salami Shelf Natural,Rak & Display,Rp 295.000,80 × 15 × 20 cm,"11,3 kg",Full Natural,Pine Wood,NC Lacquer,Full Assembly,,https://uwitan.id/wp-content/uploads/2021/09/furniture-aksesoris-salami-shelf-1.jpg,/home/azureuser/katalog_500_images/356_salami_shelf_natural.jpg,https://uwitan.id/product/salami-shelf-natural/
Salami Shelf Natural White,Rak & Display,Rp 295.000,80 × 15 × 20 cm,"11,3 kg",Full Natural,Pine Wood,NC Lacquer,Full Assembly,,https://uwitan.id/wp-content/uploads/2021/09/furniture-aksesoris-salami-shelf-1-1.jpg,/home/azureuser/katalog_500_images/357_salami_shelf_natural_white.jpg,https://uwitan.id/product/salami-shelf-natural-white/
Malas Bed,Tempat Tidur,Rp 3.250.000,200 × 106 × 62 cm,"292,3 kg",Full Natural,"Premium Foam, Rattan",NC Lacquer,Full Assembly,,https://uwitan.id/wp-content/uploads/2021/10/furniture-tempat-tidur-malas-bed-2.jpg,/home/azureuser/katalog_500_images/358_malas_bed.jpg,https://uwitan.id/product/malas-bed/
Uwitan Mini Rug L,Home Decor & Living,Rp 320.000,130 × 60 cm,2 kg,Natural Wood,Tenun,NC Lacquer / Natural,Assembled / Knockdown,,https://uwitan.id/wp-content/uploads/2020/07/mini-rug-L-1.webp,/home/azureuser/katalog_500_images/359_uwitan_mini_rug_l.webp,https://uwitan.id/product/uwitan-mini-rug/
Alana Bed 3 Drawer 160,Lemari & Storage,Rp 6.950.000,205 × 165 × 25 cm,"282,2 kg",Full Natural,Pine Wood,NC Lacquer,Assembled / Knockdown,,https://uwitan.id/wp-content/uploads/2019/10/1-Furniture-Dipan-Alana-Bed-3-Drawer-160.jpg,/home/azureuser/katalog_500_images/360_alana_bed_3_drawer_160.jpg,https://uwitan.id/product/alana-bed-3-drawer-160/
Standing HP Pukis,Rak & Display,Rp 20.000,10 × 6 × 2 cm,1 kg,Natural,Pine Wood,NC Lacquer,Full Assembly,,https://uwitan.id/wp-content/uploads/2025/09/IMG_7752-min.jpeg,/home/azureuser/katalog_500_images/361_standing_hp_pukis.jpeg,https://uwitan.id/product/standing-hp-pukis/
Alana Bed 3 Side Drawer 160,Lemari & Storage,Rp 7.300.000,205 × 165 × 25 cm,"282,2 kg",Full Natural,Pine Wood,NC Lacquer,Assembled / Knockdown,,https://uwitan.id/wp-content/uploads/2022/01/furniture-bed-alana-bed-3-side-drawer-160.jpg,/home/azureuser/katalog_500_images/362_alana_bed_3_side_drawer_160.jpg,https://uwitan.id/product/alana-bed-3-side-drawer-160/
Minima Bedframe,Tempat Tidur,Rp 2.950.000,120 × 200 × 5 cm,"47,7 kg",Full Natural,Pine Wood,NC Lacquer,Full Assembly,,https://uwitan.id/wp-content/uploads/2021/09/furniture-dipan-minima-bed-1.jpg,/home/azureuser/katalog_500_images/363_minima_bedframe.jpg,https://uwitan.id/product/minima-bedframe/
Sketsel Vitrage White,Home Decor & Living,Rp 1.450.000,130 × 23 × 165 cm,"33,6875 kg",Full White,"Pine Wood, Vitrage",NC Lacquer,Assembled / Knockdown,,https://uwitan.id/wp-content/uploads/2017/12/1-Furniture-Sketsel-Vitrage-White.jpg,/home/azureuser/katalog_500_images/364_sketsel_vitrage_white.jpg,https://uwitan.id/product/sketsel-vitrage-white/
Jerujen Bed 160,Tempat Tidur,Rp 6.950.000,160 × 200 × 85 cm,-,Full Natural,Pine Wood,NC Lacquer,Knockdown,,https://uwitan.id/wp-content/uploads/2023/05/DSC02966-scaled.jpg,/home/azureuser/katalog_500_images/365_jerujen_bed_160.jpg,https://uwitan.id/product/jerujen-bed-160/
Alana Bed 3 Drawer 180,Lemari & Storage,Rp 7.600.000,206 × 186 × 26 cm,"282,2 kg",Full Natural,Pine Wood,NC Lacquer,Assembled / Knockdown,,https://uwitan.id/wp-content/uploads/2019/10/1-Furniture-Dipan-Alana-Bed-3-Drawer-160.jpg,/home/azureuser/katalog_500_images/366_alana_bed_3_drawer_180.jpg,https://uwitan.id/product/alana-bed-3-drawer-180/
Dodo Lamp,Home Decor & Living,Rp 85.000,17 × 17 × 13 cm,"1,5 kg",Full Natural,Rattan,NC Lacquer,Assembled / Knockdown,,https://uwitan.id/wp-content/uploads/2025/12/IMG_7179-1-scaled.jpg,/home/azureuser/katalog_500_images/367_dodo_lamp.jpg,https://uwitan.id/product/dodo-lamp/
Wooden Table Lamp,Meja & Konsol,Rp 525.000,28 × 17 × 45 cm,6 kg,Light Brown,Mahogany Wood,NC Lacquer,Assembled / Knockdown,,https://uwitan.id/wp-content/uploads/2020/02/1-furniture-aksesoris-wooden-table-lamp.jpg,/home/azureuser/katalog_500_images/368_wooden_table_lamp.jpg,https://uwitan.id/product/wooden-table-lamp/
Cakra Single Hook,Home Decor & Living,Rp 55.000,"14 × 11,5 × 35 cm","5,7 kg",Full Natural,Rattan,NC Lacquer,Assembled / Knockdown,,https://uwitan.id/wp-content/uploads/2020/10/1.-Furniture-Hanger-Cakra-Single-Hook.jpg,/home/azureuser/katalog_500_images/369_cakra_single_hook.jpg,https://uwitan.id/product/cakra-single-hook/
Folding Hook Brown,Home Decor & Living,Rp 150.000,10 × 10 × 44 cm,4 kg,Brown,Pine Wood,NC Lacquer,Assembled / Knockdown,,https://uwitan.id/wp-content/uploads/2020/02/1-furniture-aksesoris-folding-hook-brown.jpeg,/home/azureuser/katalog_500_images/370_folding_hook_brown.jpeg,https://uwitan.id/product/folding-hook-brown/
Harumi Rattan Bed 160,Tempat Tidur,Rp 6.500.000,222 × 172 × 30 cm,297 kg,Full Natural,"Pine Wood, Rattan",NC Lacquer,Assembled / Knockdown,,https://uwitan.id/wp-content/uploads/2019/10/1-Furniture-Dipan-Harumi-Rattan-Bed-160.jpg,/home/azureuser/katalog_500_images/371_harumi_rattan_bed_160.jpg,https://uwitan.id/product/harumi-rattan-bed-160/
Rak Jemuran,Rak & Display,Rp 375.000,50 × 41 × 80 cm,12 kg,Full Natural,Pine Wood,NC Lacquer,Foldable (bisa dilipat),,https://uwitan.id/wp-content/uploads/2020/07/2-furniture-aksesoris-rak-jemuran.jpg,/home/azureuser/katalog_500_images/372_rak_jemuran.jpg,https://uwitan.id/product/rak-jemuran/
Bona Sketsel,Home Decor & Living,Rp 3.650.000,138 × 4 × 170 cm,-,Natural,"Pine Wood, Rattan",NC Lacquer,Semi Knockdown,,https://uwitan.id/wp-content/uploads/2023/02/CHO03135-scaled.jpg,/home/azureuser/katalog_500_images/373_bona_sketsel.jpg,https://uwitan.id/product/bona-sketsel/
Sketsel Vitrage New White,Home Decor & Living,Rp 1.650.000,130 × 23 × 165 cm,"33,6875 kg",Full White,"Pine Wood, Plywood, Vitrage",NC Lacquer,Assembled / Knockdown,,https://uwitan.id/wp-content/uploads/2018/07/2-Aksesoris-Sketsel-Vitrage-New-White.jpg,/home/azureuser/katalog_500_images/374_sketsel_vitrage_new_white.jpg,https://uwitan.id/product/sketsel-vitrage-new-white/
Arba Bed 160,Tempat Tidur,Rp 7.350.000,165 × 205 × 25 cm,250 kg,Full Natural,Pine Wood,NC Lacquer,Full Assembly,,https://uwitan.id/wp-content/uploads/2024/10/CHO05024-min-scaled.jpg,/home/azureuser/katalog_500_images/375_arba_bed_160.jpg,https://uwitan.id/product/arba-bed-160/
Standing HP Pen Natural,Rak & Display,Rp 25.000,8 × 8 × 2 cm,1 kg,Full Natural,Pine Wood,NC Lacquer,Assembled / Knockdown,,https://uwitan.id/wp-content/uploads/2019/11/1-Aksesoris-Standing-HP-Pen-Natural-Uwitan.jpg,/home/azureuser/katalog_500_images/376_standing_hp_pen_natural.jpg,https://uwitan.id/product/standing-hp-pen-natural/
Standing HP New,Rak & Display,Rp 20.000,7 × 11 × 2 cm,1 kg,Full Natural,Pine Wood,NC Lacquer,Assembled / Knockdown,,https://uwitan.id/wp-content/uploads/2019/11/1-Aksesoris-Standing-HP-New-Uwitan.jpg,/home/azureuser/katalog_500_images/377_standing_hp_new.jpg,https://uwitan.id/product/standing-hp-new/
Standing Handphone Natural,Rak & Display,Rp 55.000,7 × 11 × 17 cm,"1,683 kg",Full Natural,Pine Wood,NC Lacquer,Full Assembly,,https://uwitan.id/wp-content/uploads/2017/12/4-Aksesoris-Standing-Handphone-Full-Natural-Uwitan.jpg,/home/azureuser/katalog_500_images/378_standing_handphone_natural.jpg,https://uwitan.id/product/standing-handphone-natural/
Eso Standing HP,Rak & Display,Rp 65.000,9 × 10 × 24 cm,2 kg,Brown,Mahogany Wood,NC Lacquer,Full Assembly,,https://uwitan.id/wp-content/uploads/2021/06/1.-Furniture-Aksesoris-Eso-Standing-Hp.jpeg,/home/azureuser/katalog_500_images/379_eso_standing_hp.jpeg,https://uwitan.id/product/eso-standing-hp/
Ona Pot,Home Decor & Living,Rp 135.000,18 × 18 × 37 cm,"2,997 kg",Full Natural,Rattan,NC Lacquer,Full Assembly,,https://uwitan.id/wp-content/uploads/2022/04/furniture-aksesoris-ona-basket-1.jpg,/home/azureuser/katalog_500_images/380_ona_pot.jpg,https://uwitan.id/product/ona-pot/
Trolley Laundry Basket,Home Decor & Living,Rp 595.000,40 × 30 × 58 cm,30 kg,Full Natural,Rattan,NC Lacquer / Natural,Full Assembly,,https://uwitan.id/wp-content/uploads/2025/12/IMG_7655-01.jpeg,/home/azureuser/katalog_500_images/381_trolley_laundry_basket.jpeg,https://uwitan.id/product/trolley-laundry-basket/
Desko New D – Storage Meja Minimalis Serbaguna,Meja & Konsol,Rp 430.000,35 × 18 × 30 cm,"0,5 kg",Full Natural,Pine Wood,NC Lacquer,Assembled / Knockdown,,https://uwitan.id/wp-content/uploads/2023/11/CHO05532-scaled.jpg,/home/azureuser/katalog_500_images/382_desko_new_d___storage_meja_minimali.jpg,https://uwitan.id/product/desko-new-d-storage-meja-minimalis-serbaguna/
Desko New E – Storage Meja Serbaguna,Meja & Konsol,Rp 450.000,35 × 18 × 30 cm,1 kg,Full Natural,Pine Wood,NC Lacquer,Assembled / Knockdown,,https://uwitan.id/wp-content/uploads/2023/11/CHO05520-scaled.jpg,/home/azureuser/katalog_500_images/383_desko_new_e___storage_meja_serbagun.jpg,https://uwitan.id/product/desko-new-e-storage-meja-serbaguna/
Rumi Bread Box Natural,Home Decor & Living,Rp 395.000,42 × 27 × 26 cm,"11,4 kg",Full Natural,Pine Wood,NC Lacquer,Assembled / Knockdown,,https://uwitan.id/wp-content/uploads/2023/07/depan-scaled.jpg,/home/azureuser/katalog_500_images/384_rumi_bread_box_natural.jpg,https://uwitan.id/product/rumi-bread-box-natural/
Meru Medicine – Kotak P3K Minimalis,Home Decor & Living,Rp 395.000,25 × 14 × 35 cm,1 kg,"Red, Full Natural",Pine Wood,NC Lacquer,Full Assembly,,https://uwitan.id/wp-content/uploads/2023/11/CHO05627-scaled.jpg,/home/azureuser/katalog_500_images/385_meru_medicine___kotak_p3k_minimalis.jpg,https://uwitan.id/product/meru-medicine-kotak-p3k-minimalis/
Laundry Basket New Horizontal Small,Home Decor & Living,Rp 320.000,35 × 35 × 37 cm,"16,9 kg",Full Natural,Rattan,NC Lacquer,Assembled / Knockdown,,https://uwitan.id/wp-content/uploads/2020/03/1-furniture-aksesoris-laundry-basket-new-horizontal.jpeg,/home/azureuser/katalog_500_images/386_laundry_basket_new_horizontal_small.jpeg,https://uwitan.id/product/laundry-basket-new-horizontal-small/
Rumi Medicine – Kotak P3K Rotan Asli Minimalis,Home Decor & Living,Rp 395.000,25 × 14 × 35 cm,1 kg,Full Natural,Pine Wood,NC Lacquer,Full Assembly,,https://uwitan.id/wp-content/uploads/2023/11/CHO05659-scaled.jpg,/home/azureuser/katalog_500_images/387_rumi_medicine___kotak_p3k_rotan_asl.jpg,https://uwitan.id/product/rumi-medicine-kotak-p3k-rotan-asli-minimalis/
Laundry Basket Large,Home Decor & Living,Rp 450.000,40 × 40 × 53 cm,"22,9 kg",Full Natural,Rattan,NC Lacquer,Assembled / Knockdown,,https://uwitan.id/wp-content/uploads/2017/12/IMG_4944-scaled-1.jpeg,/home/azureuser/katalog_500_images/388_laundry_basket_large.jpeg,https://uwitan.id/product/laundry-basket-large/
Laundry Basket New Diagonal Small,Home Decor & Living,Rp 320.000,35 × 35 × 37 cm,"16,9 kg",Full Natural,Rattan,NC Lacquer,Assembled / Knockdown,,https://uwitan.id/wp-content/uploads/2021/02/1-furniture-aksesoris-laundry-basket-new-small.jpg,/home/azureuser/katalog_500_images/389_laundry_basket_new_diagonal_small.jpg,https://uwitan.id/product/laundry-basket-new-diagonal-small/
Desko C Natural,Meja & Konsol,Rp 300.000,35 × 15 × 15 cm,"4,7 kg",Full Natural,Pine Wood,NC Lacquer,Assembled / Knockdown,,https://uwitan.id/wp-content/uploads/2021/12/aksesoris-Desko-C-1.jpg,/home/azureuser/katalog_500_images/390_desko_c_natural.jpg,https://uwitan.id/product/desko-c-natural/
Deski 1×2 Natural,Meja & Konsol,Rp 210.000,18 × 15 × 15 cm,"2,9 kg",Full Natural,Pine Wood,NC Lacquer,Assembled / Knockdown,,https://uwitan.id/wp-content/uploads/2021/12/1-aksesoris-deski-1x2-1.jpg,/home/azureuser/katalog_500_images/391_deski_1_2_natural.jpg,https://uwitan.id/product/deski-1x2-natural/
Deski 2×2 Natural – Storage Meja Kerja Minimalis,Meja & Konsol,Rp 420.000,35 × 15 × 15 cm,"4,7 kg",Full Natural,Pine Wood,NC Lacquer,Assembled / Knockdown,,https://uwitan.id/wp-content/uploads/2021/12/1-Aksesoris-Deski-2x2-1.jpg,/home/azureuser/katalog_500_images/392_deski_2_2_natural___storage_meja_ke.jpg,https://uwitan.id/product/deski-2x2-natural/
Vintage Bread Box Natural,Home Decor & Living,Rp 350.000,50 × 25 × 20 cm,"14,23 kg",Full Natural,Pine Wood,NC Lacquer,Assembled / Knockdown,,https://uwitan.id/wp-content/uploads/2017/12/1-Furniture-Vintage-Bread-Box-Full-Natural.jpg,/home/azureuser/katalog_500_images/393_vintage_bread_box_natural.jpg,https://uwitan.id/product/vintage-bread-box-natural/
Sewesi Storage Set,Home Decor & Living,Rp 485.000,31 × 39 × 21 cm,11 kg,Natural,"Metal, Rattan",NC Lacquer,Assembled / Knockdown,,https://uwitan.id/wp-content/uploads/2022/09/furniture-sewesi-storage-set-1.jpg,/home/azureuser/katalog_500_images/394_sewesi_storage_set.jpg,https://uwitan.id/product/sewesi-storage-set/
Pir Basket Large,Home Decor & Living,Rp 395.000,40 × 40 × 65 cm,"31,3 kg",Natural Green,Rattan,NC Lacquer,Assembled / Knockdown,,https://uwitan.id/wp-content/uploads/2021/09/aksesoris-pir-basket-large-1.webp,/home/azureuser/katalog_500_images/395_pir_basket_large.webp,https://uwitan.id/product/pir-basket-large/
Standing HP Pen Brown,Rak & Display,Rp 25.000,8 × 8 × 2 cm,1 kg,Brown,Pine Wood,NC Lacquer,Assembled / Knockdown,,https://uwitan.id/wp-content/uploads/2019/11/1-Aksesoris-Standing-HP-Pen-Brown-Uwitan.jpg,/home/azureuser/katalog_500_images/396_standing_hp_pen_brown.jpg,https://uwitan.id/product/standing-hp-pen-brown/
Slide Box Laci Natural White,Home Decor & Living,Rp 395.000,40 × 29 × 28 cm,12 kg,White – Natural,"MDF, Pine Wood, Plywood",NC Lacquer,Assembled / Knockdown,,https://uwitan.id/wp-content/uploads/2017/12/2-Aksesoris-Slide-Box-Laci-Natural-White.jpg,/home/azureuser/katalog_500_images/397_slide_box_laci_natural_white.jpg,https://uwitan.id/product/slide-box-laci-natural-white/
Vintage Bread Box Green Natural,Home Decor & Living,Rp 350.000,50 × 25 × 20 cm,-,Natural Green,"Metal, Pine Wood",NC Lacquer,Full Assembly,,https://uwitan.id/wp-content/uploads/2023/03/CHO04793-HDR-scaled.jpg,/home/azureuser/katalog_500_images/398_vintage_bread_box_green_natural.jpg,https://uwitan.id/product/vintage-bread-box-green-natural/
Box Rotan L + Kain + Tutup – Storage Box Serbaguna Rotan Asli,Home Decor & Living,Rp 620.000,49 × 35 × 23 cm,4 kg,Full Natural,Rattan,NC Lacquer,Full Assembly,,https://uwitan.id/wp-content/uploads/2023/12/1-4-scaled.jpg,/home/azureuser/katalog_500_images/399_box_rotan_l___kain___tutup___storag.jpg,https://uwitan.id/product/box-rotan-l-kain-tutup-storage-box-serbaguna-rotan-asli/
Laundry Basket New Horizontal Large,Home Decor & Living,Rp 430.000,45 × 45 × 42 cm,"26,2 kg",Full Natural,Rattan,NC Lacquer,Assembled / Knockdown,,https://uwitan.id/wp-content/uploads/2021/10/furniture-aksesoris-laundry-basket-new-large-horizontal-1.jpg,/home/azureuser/katalog_500_images/400_laundry_basket_new_horizontal_large.jpg,https://uwitan.id/product/laundry-basket-new-horizontal-large/
Slide Box Laci Natural,Home Decor & Living,Rp 395.000,40 × 29 × 28 cm,12 kg,Full Natural,"Pine Wood, Plywood",NC Lacquer,Assembled / Knockdown,,https://uwitan.id/wp-content/uploads/2020/03/1-Aksesoris-Slide-Box-Laci-Full-Natural.jpg,/home/azureuser/katalog_500_images/401_slide_box_laci_natural.jpg,https://uwitan.id/product/slide-box-laci-natural/
Laundry Basket New Diagonal Large,Home Decor & Living,Rp 430.000,44 × 44 × 46 cm,"27,2 kg",Full Natural,Rattan,NC Lacquer,Assembled / Knockdown,,https://uwitan.id/wp-content/uploads/2021/03/1-furniture-aksesoris-laundry-basket-new-large.jpeg,/home/azureuser/katalog_500_images/402_laundry_basket_new_diagonal_large.jpeg,https://uwitan.id/product/laundry-basket-new-diagonal-large/
Fitrit Storage – Storage Rotan Serbaguna,Home Decor & Living,Rp 225.000,"37 × 48 × 17,5 cm",3 kg,Full Natural,Rattan,NC Lacquer / Natural,Full Assembly,,https://uwitan.id/wp-content/uploads/2023/12/CHO08709-scaled.jpg,/home/azureuser/katalog_500_images/403_fitrit_storage___storage_rotan_serb.jpg,https://uwitan.id/product/fitrit-storage-storage-rotan-serbaguna/
Laundry Basket Large + Kain – Keranjang Cuci Rotan Minimalis,Home Decor & Living,Rp 495.000,40 × 40 × 53 cm,4 kg,Full Natural,Rattan,NC Lacquer,Assembled / Knockdown,,https://uwitan.id/wp-content/uploads/2023/12/CHO08727-scaled.jpg,/home/azureuser/katalog_500_images/404_laundry_basket_large___kain___keran.jpg,https://uwitan.id/product/laundry-basket-l-kain-keranjang-cuci-rotan-minimalis/
Hampers Rotan Bulat,Home Decor & Living,Rp 235.000,26 × 26 × 10 cm,"4,4 kg",Full Natural,Rattan,NC Lacquer,Assembled / Knockdown,,https://uwitan.id/wp-content/uploads/2020/06/aksesoris-hampers-rotan-bulat-1.jpg,/home/azureuser/katalog_500_images/405_hampers_rotan_bulat.jpg,https://uwitan.id/product/hampers-rotan-bulat/
Bidara Round Basket,Home Decor & Living,Rp 250.000,19 × 19 × 14 cm,"1,8 kg",Full Natural,Rattan,NC Lacquer,Assembled / Knockdown,,https://uwitan.id/wp-content/uploads/2020/10/1.-Furniture-Basket-Bidara-Round-Basket.jpg,/home/azureuser/katalog_500_images/406_bidara_round_basket.jpg,https://uwitan.id/product/bidara-round-basket/
Kimaru Basket,Home Decor & Living,Rp 325.000,38 × 38 × 37 cm,13 kg,Full Natural,Rattan,NC Lacquer,Full Assembly,,https://uwitan.id/wp-content/uploads/2020/10/1-aksesoris-kimaru-basket.jpg,/home/azureuser/katalog_500_images/407_kimaru_basket.jpg,https://uwitan.id/product/kimaru-basket/
Medicine Box,Home Decor & Living,Rp 350.000,37 × 15 × 30 cm,"7,8 kg",Natural – White,"MDF, Pine Wood, Plywood",NC Lacquer,Full Assembly,,https://uwitan.id/wp-content/uploads/2018/03/1-furniture-aksesoris-medicine-box.jpeg,/home/azureuser/katalog_500_images/408_medicine_box.jpeg,https://uwitan.id/product/medicine-box/
Oma Vas Kayu,Home Decor & Living,Rp 65.000,9 × 4 × 9 cm,"0,5 kg",Full Natural,Pine Wood,NC Lacquer,Full Assembly,,https://uwitan.id/wp-content/uploads/2023/07/CHO07664-scaled-e1688373421526.jpg,/home/azureuser/katalog_500_images/409_oma_vas_kayu.jpg,https://uwitan.id/product/oma-vas-kayu/
Papo Vas Kayu,Home Decor & Living,Rp 55.000,9 × 4 × 10 cm,"0,5 kg",Full Natural,Pine Wood,NC Lacquer,Full Assembly,,https://uwitan.id/wp-content/uploads/2023/07/CHO07663-scaled-e1692091799949.jpg,/home/azureuser/katalog_500_images/410_papo_vas_kayu.jpg,https://uwitan.id/product/papo-vas-kayu/
Tobo S Vas Kayu,Home Decor & Living,Rp 65.000,"5,5 × 5,5 × 10 cm","0,5 kg",Full Natural,Pine Wood,NC Lacquer,Full Assembly,,https://uwitan.id/wp-content/uploads/2023/07/CHO07662-scaled-e1692093173540.jpg,/home/azureuser/katalog_500_images/411_tobo_s_vas_kayu.jpg,https://uwitan.id/product/tobo-s-vas-kayu/
Wooden Planter L,Home Decor & Living,Rp 70.000,"26,5 × 26,5 × 40 cm",3 kg,Light Brown,Pine Wood,NC Lacquer,Assembled / Knockdown,,https://uwitan.id/wp-content/uploads/2020/09/Furniture-Wooden-Planter-L.jpg,/home/azureuser/katalog_500_images/412_wooden_planter_l.jpg,https://uwitan.id/product/wooden-planter-l/
Tobo M Vas Kayu,Home Decor & Living,Rp 80.000,"5,5 × 5,5 × 15 cm","0,5 kg",Full Natural,Pine Wood,NC Lacquer,Full Assembly,,https://uwitan.id/wp-content/uploads/2023/07/CHO07661-scaled-e1692168038682.jpg,/home/azureuser/katalog_500_images/413_tobo_m_vas_kayu.jpg,https://uwitan.id/product/tobo-m-vas-kayu/
Tobo L Vas Kayu,Home Decor & Living,Rp 100.000,"6,5 × 6,5 × 18 cm","0,5 kg",Full Natural,Pine Wood,NC Lacquer,Full Assembly,,https://uwitan.id/wp-content/uploads/2023/07/CHO07660-scaled-e1692092348371.jpg,/home/azureuser/katalog_500_images/414_tobo_l_vas_kayu.jpg,https://uwitan.id/product/tobo-l-vas-kayu/
Rotan Chest,Home Decor & Living,Rp 275.000,31 × 31 × 20 cm,"8,405 kg",Full Natural,Rattan,NC Lacquer,Full Assembly,,https://uwitan.id/wp-content/uploads/2021/04/1-furniture-aksesoris-rotan-chest.jpg,/home/azureuser/katalog_500_images/415_rotan_chest.jpg,https://uwitan.id/product/rotan-chest/
Kimaru Mini Storage,Home Decor & Living,Rp 165.000,20 × 10 × 17 cm,2 kg,Full Natural,Rattan,NC Lacquer,Assembled / Knockdown,,https://uwitan.id/wp-content/uploads/2020/12/1-aksesoris-kimaru-mini-storage.jpg,/home/azureuser/katalog_500_images/416_kimaru_mini_storage.jpg,https://uwitan.id/product/kimaru-mini-storage/
Desko A Natural,Meja & Konsol,Rp 350.000,36 × 20 × 20 cm,"6,9 kg",Full Natural,Pine Wood,NC Lacquer,Assembled / Knockdown,,https://uwitan.id/wp-content/uploads/2021/12/Aksesoris-Desko-A-4.jpg,/home/azureuser/katalog_500_images/417_desko_a_natural.jpg,https://uwitan.id/product/desko-a-natural/
Wooden Snack Box Natural,Home Decor & Living,Rp 385.000,42 × 28 × 22 cm,"11,74833333 kg",Full Natural,Pine Wood,NC Lacquer,Assembled / Knockdown,,https://uwitan.id/wp-content/uploads/2017/12/1-Furniture-Wooden-Snack-Box.jpg,/home/azureuser/katalog_500_images/418_wooden_snack_box_natural.jpg,https://uwitan.id/product/wooden-snack-box-natural/
Tissue Holder,Home Decor & Living,Rp 95.000,15 × 15 × 30 cm,"3,5 kg",Full Natural,Pine Wood,NC Lacquer,Assembled / Knockdown,,https://uwitan.id/wp-content/uploads/2017/12/1-Tissue-Holder-Uwitan-Aksesoris.jpg,/home/azureuser/katalog_500_images/419_tissue_holder.jpg,https://uwitan.id/product/tissue-holder/
Robobox Natural White,Home Decor & Living,Rp 325.000,"27 × 14,5 × 20 cm","5,89 kg",Full Natural,"Pine Wood, Plywood",NC Lacquer,Assembled / Knockdown,,https://uwitan.id/wp-content/uploads/2020/10/Furniture-Aksesoris-Robobox-Natural-White-1-1.jpg,/home/azureuser/katalog_500_images/420_robobox_natural_white.jpg,https://uwitan.id/product/robobox-natural-white/
Desko B Natural,Meja & Konsol,Rp 325.000,36 × 20 × 15 cm,"5,8 kg",Full Natural,Pine Wood,NC Lacquer,Assembled / Knockdown,,https://uwitan.id/wp-content/uploads/2021/12/Aksesoris-Desko-B-3-1.jpg,/home/azureuser/katalog_500_images/421_desko_b_natural.jpg,https://uwitan.id/product/desko-b-natural/
Jembar Basket,Home Decor & Living,Rp 225.000,53 × 50 × 39 cm,"30,9 kg",Full Natural,Rattan,NC Lacquer,Assembled / Knockdown,,https://uwitan.id/wp-content/uploads/2021/10/laundry-akesoris-jembar-basket-1.jpg,/home/azureuser/katalog_500_images/422_jembar_basket.jpg,https://uwitan.id/product/jembar-basket/
Robobox White Natural,Home Decor & Living,Rp 325.000,"27 × 14,5 × 20 cm","5,89 kg",Full Natural,"Pine Wood, Plywood",NC Lacquer,Assembled / Knockdown,,https://uwitan.id/wp-content/uploads/2020/04/IMG_7934-scaled.jpg,/home/azureuser/katalog_500_images/423_robobox_white_natural.jpg,https://uwitan.id/product/robobox-white-natural/
Gunungan Tray,Home Decor & Living,Rp 875.000,"35,5 × 35,5 × 77 cm",-,Full Natural,Pine Wood,NC Lacquer,Full Assembly,,https://uwitan.id/wp-content/uploads/2023/05/CHO05544-scaled.jpg,/home/azureuser/katalog_500_images/424_gunungan_tray.jpg,https://uwitan.id/product/gunungan-tray/
Mug Holder Round,Home Decor & Living,Rp 125.000,"27 × 28 × 35,5 cm",2 kg,Brown,Mahogany Wood,NC Lacquer,Assembled / Knockdown,,https://uwitan.id/wp-content/uploads/2017/12/IMG_5074.jpg,/home/azureuser/katalog_500_images/425_mug_holder_round.jpg,https://uwitan.id/product/mug-holder-round/
Ona Tray Table,Meja & Konsol,Rp 1.850.000,"55,5 × 55,5 × 48,5 cm",-,Full Natural,Pine Wood,NC Lacquer,Full Assembly,,https://uwitan.id/wp-content/uploads/2023/05/IMG_1026-min.jpeg,/home/azureuser/katalog_500_images/426_ona_tray_table.jpeg,https://uwitan.id/product/ona-tray-table/
Set Planter Rotan Natural,Home Decor & Living,Rp 495.000,38 × 38 × 70 cm,45 kg,Full Natural,Rattan,NC Lacquer,Full Assembly,,https://uwitan.id/wp-content/uploads/2024/09/IMG_3622-min-scaled.jpg,/home/azureuser/katalog_500_images/427_set_planter_rotan_natural.jpg,https://uwitan.id/product/set-planter-rotan-natural/
Salami Tray Susun,Home Decor & Living,Rp 525.000,44 × 30 × 40 cm,-,Full Natural,Pine Wood,NC Lacquer,Full Assembly,,https://uwitan.id/wp-content/uploads/2023/05/CHO05566-scaled.jpg,/home/azureuser/katalog_500_images/428_salami_tray_susun.jpg,https://uwitan.id/product/salami-tray-susun/
Kotak Tisu Oma,Home Decor & Living,Rp 320.000,"25 × 15 × 15,5 cm","5,5 kg",Full Natural,Pine Wood,NC Lacquer,Full Assembly,,https://uwitan.id/wp-content/uploads/2024/09/IMG_4115-01-min-scaled.jpeg,/home/azureuser/katalog_500_images/429_kotak_tisu_oma.jpeg,https://uwitan.id/product/kotak-tisu-oma/
Box Rotan L,Home Decor & Living,Rp 550.000,49 × 35 × 23 cm,"15,8 kg",Full Natural,Rattan,NC Lacquer,Assembled / Knockdown,,https://uwitan.id/wp-content/uploads/2021/08/1-furniture-aksesoris-box-rotan-l.jpg,/home/azureuser/katalog_500_images/430_box_rotan_l.jpg,https://uwitan.id/product/box-rotan-l-tanpa-tutup/
Wooden Tray Small,Home Decor & Living,Rp 185.000,40 × 25 × 2 cm,"3,5 kg",Full Natural,Pine Wood,NC Lacquer,Assembled / Knockdown,,https://uwitan.id/wp-content/uploads/2017/12/3-Furniture-Wooden-Tray-Small.jpg,/home/azureuser/katalog_500_images/431_wooden_tray_small.jpg,https://uwitan.id/product/wooden-tray-small/
Nova Sanity Station,Home Decor & Living,Rp 325.000,25 × 12 × 25 cm,"4,5 kg",Full Natural,Pine Wood,NC Lacquer,Full Assembly,,https://uwitan.id/wp-content/uploads/2021/03/2-furniture-aksesoris-nova-sanity-station.jpg,/home/azureuser/katalog_500_images/432_nova_sanity_station.jpg,https://uwitan.id/product/nova-sanity-station/
Nova Storage M,Home Decor & Living,Rp 525.000,34 × 29 × 32 cm,12 kg,Full Natural,"Pine Wood, Plywood, Rattan",NC Lacquer,Full Assembly,,https://uwitan.id/wp-content/uploads/2021/07/1-furniture-storage-nova-storage-m.jpg,/home/azureuser/katalog_500_images/433_nova_storage_m.jpg,https://uwitan.id/product/nova-storage-m/
Box Rotan M,Home Decor & Living,Rp 480.000,34 × 30 × 33 cm,"12,9 kg",Full Natural,Rattan,NC Lacquer,Assembled / Knockdown,,https://uwitan.id/wp-content/uploads/2018/05/IMG_4936-scaled.jpg,/home/azureuser/katalog_500_images/434_box_rotan_m.jpg,https://uwitan.id/product/box-rotan-m/
Rattan Cactus Small,Home Decor & Living,Rp 280.000,30 × 12 × 50 cm,"5,4 kg",Full Natural,Rattan,NC Lacquer,Assembled / Knockdown,,https://uwitan.id/wp-content/uploads/2020/09/1-furniture-aksesoris-rattan-cactus-small.jpg,/home/azureuser/katalog_500_images/435_rattan_cactus_small.jpg,https://uwitan.id/product/rattan-cactus-small/
Fitrit Tray – Nampan Rotan Asli Aesthetic,Home Decor & Living,Rp 185.000,45 × 45 × 15 cm,3 kg,Full Natural,Rattan,NC Lacquer,Assembled / Knockdown,,https://uwitan.id/wp-content/uploads/2024/01/CHO09035-scaled.jpg,/home/azureuser/katalog_500_images/436_fitrit_tray___nampan_rotan_asli_aes.jpg,https://uwitan.id/product/fitrit-tray-nampan-rotan-asli-aesthetic/
Dan Storage L,Home Decor & Living,Rp 425.000,65 × 50 × 14 cm,18 kg,Full Natural,"Pine Wood, Plywood",NC Lacquer,Full Assembly,,https://uwitan.id/wp-content/uploads/2021/09/furniture-aksesoris-dan-storage-4.jpg,/home/azureuser/katalog_500_images/437_dan_storage_l.jpg,https://uwitan.id/product/dan-storage-l/
Rattan Cactus Large,Home Decor & Living,Rp 340.000,40 × 14 × 80 cm,12 kg,Full Natural,Rattan,NC Lacquer,Assembled / Knockdown,,https://uwitan.id/wp-content/uploads/2020/09/1-furniture-aksesoris-rattan-cactus-large.jpg,/home/azureuser/katalog_500_images/438_rattan_cactus_large.jpg,https://uwitan.id/product/rattan-cactus-large/
Dodo Helicopter,Home Decor & Living,Rp 395.000,56 × 24 × 32 cm,11 kg,Full Natural,Rattan,NC Lacquer,Assembled / Knockdown,,https://uwitan.id/wp-content/uploads/2020/10/1.-Furniture-Aksesoris-Dodo-Helicopter.jpg,/home/azureuser/katalog_500_images/439_dodo_helicopter.jpg,https://uwitan.id/product/dodo-helicopter/
New Melati Rattan Tray Square – Nampan Rotan Serbaguna,Home Decor & Living,Rp 290.000,"40,5 × 34,5 × 5,5 cm",1 kg,Full Natural,Rattan,NC Lacquer,Full Assembly,,https://uwitan.id/wp-content/uploads/2024/02/CHO09159-scaled.jpg,/home/azureuser/katalog_500_images/440_new_melati_rattan_tray_square___nam.jpg,https://uwitan.id/product/new-melati-rattan-tray-square-nampan-rotan-serbaguna/
New Melati Rattan Tray Round – Nampan Serbaguna Rotan Asli,Home Decor & Living,Rp 290.000,"45 × 45 × 5,5 cm",1 kg,Full Natural,Rattan,NC Lacquer,Full Assembly,,https://uwitan.id/wp-content/uploads/2024/02/CHO09113-scaled.jpg,/home/azureuser/katalog_500_images/441_new_melati_rattan_tray_round___namp.jpg,https://uwitan.id/product/new-melati-rattan-tray-round-nampan-serbaguna-rotan-asli/
Seroja Vas Bunga Minimalis S,Home Decor & Living,Rp 55.000,8 × 8 × 11 cm,1 kg,Full Natural,Mahogany Wood,Waterbase,Assembled / Knockdown,,https://uwitan.id/wp-content/uploads/2020/10/1-Aksesoris-Seroja-Vas-Bunga-Minimalis-S-Uwitan.jpg,/home/azureuser/katalog_500_images/442_seroja_vas_bunga_minimalis_s.jpg,https://uwitan.id/product/seroja-vas-bunga-minimalis-s/
Wooden Planter S,Home Decor & Living,Rp 60.000,"20,5 × 20,5 × 30 cm",3 kg,Light Brown,Pine Wood,NC Lacquer,Assembled / Knockdown,,https://uwitan.id/wp-content/uploads/2020/09/Furniture-Wooden-Planter-S.jpg,/home/azureuser/katalog_500_images/443_wooden_planter_s.jpg,https://uwitan.id/product/wooden-planter-s/
Bona Vas Kayu,Home Decor & Living,Rp 95.000,13 × 5 × 20 cm,"1,7 kg",Full Natural,Mahogany Wood,NC Lacquer,Full Assembly,,https://uwitan.id/wp-content/uploads/2021/09/Furniture-aksesoris-bona-vas-kayu-3-1.jpg,/home/azureuser/katalog_500_images/444_bona_vas_kayu.jpg,https://uwitan.id/product/bona-vas-kayu/
Nina Vas Kayu,Home Decor & Living,Rp 85.000,15 × 5 × 8 cm,"1,1 kg",Full Natural,Mahogany Wood,NC Lacquer,Full Assembly,,https://uwitan.id/wp-content/uploads/2021/09/furniture-aksesoris-nina-vas-kayu-1-1.jpg,/home/azureuser/katalog_500_images/445_nina_vas_kayu.jpg,https://uwitan.id/product/nina-vas-kayu/
Kamboja Vas Bunga Minimalis L,Home Decor & Living,Rp 95.000,7 × 7 × 20 cm,2 kg,Full Natural,Mahogany Wood,Waterbase,Assembled / Knockdown,,https://uwitan.id/wp-content/uploads/2020/07/1-aksesoris-vas-bunga-kamboja-L.jpeg,/home/azureuser/katalog_500_images/446_kamboja_vas_bunga_minimalis_l.jpeg,https://uwitan.id/product/kamboja-vas-bunga-minimalis-l/
Kamboja Vas Bunga Minimalis M,Home Decor & Living,Rp 75.000,7 × 7 × 15 cm,1 kg,Full Natural,Mahogany Wood,Waterbase,Assembled / Knockdown,,https://uwitan.id/wp-content/uploads/2020/07/1-aksesoris-vas-bunga-kamboja-M.jpeg,/home/azureuser/katalog_500_images/447_kamboja_vas_bunga_minimalis_m.jpeg,https://uwitan.id/product/kamboja-vas-bunga-minimalis-m/
Citra Vas Bunga L,Home Decor & Living,Rp 110.000,"10,5 × 10,5 × 30 cm",1 kg,Full Natural,Mahogany Wood,NC Lacquer,Assembled / Knockdown,,https://uwitan.id/wp-content/uploads/2020/11/1.-Furniture-Aksesoris-Vas-Bunga-Citra-L.jpg,/home/azureuser/katalog_500_images/448_citra_vas_bunga_l.jpg,https://uwitan.id/product/citra-vas-bunga-l/
Set Planter Rotan Dark,Home Decor & Living,Rp 495.000,38 × 38 × 70 cm,"26,5 kg",Dark Natural,Rattan,NC Lacquer,Assembled / Knockdown,,https://uwitan.id/wp-content/uploads/2020/09/furniture-aksesoris-set-planter-rotan.jpg,/home/azureuser/katalog_500_images/449_set_planter_rotan_dark.jpg,https://uwitan.id/product/set-planter-rotan-dark/
Kamboja Vas Bunga Minimalis S,Home Decor & Living,Rp 55.000,7 × 7 × 10 cm,1 kg,Full Natural,Mahogany Wood,Waterbase,Assembled / Knockdown,,https://uwitan.id/wp-content/uploads/2020/10/1-aksesoris-vas-bunga-kamboja.jpeg,/home/azureuser/katalog_500_images/450_kamboja_vas_bunga_minimalis_s.jpeg,https://uwitan.id/product/kamboja-vas-bunga-minimalis-s/
Melati Vas Bunga Minimalis M,Home Decor & Living,Rp 75.000,"8,5 × 8,5 × 15 cm",1 kg,Full Natural,Mahogany Wood,Waterbase,Assembled / Knockdown,,https://uwitan.id/wp-content/uploads/2020/10/1-aksesoris-melati-vas-bunga-m.jpg,/home/azureuser/katalog_500_images/451_melati_vas_bunga_minimalis_m.jpg,https://uwitan.id/product/melati-vas-bunga-minimalis-m/
Kubo Vas Kayu,Home Decor & Living,Rp 45.000,"5,5 × 5,5 × 5 cm","0,5 kg",Full Natural,Pine Wood,NC Lacquer,Full Assembly,,https://uwitan.id/wp-content/uploads/2023/07/CHO07668-scaled-e1688367235901.jpg,/home/azureuser/katalog_500_images/452_kubo_vas_kayu.jpg,https://uwitan.id/product/kubo-vas-kayu/
Balo Vas Kayu,Home Decor & Living,Rp 55.000,5 × 5 × 10 cm,"0,5 kg",Full Natural,Pine Wood,NC Lacquer,Full Assembly,,https://uwitan.id/wp-content/uploads/2023/07/CHO07667-scaled-e1692089514498.jpg,/home/azureuser/katalog_500_images/453_balo_vas_kayu.jpg,https://uwitan.id/product/balo-vas-kayu/
Melati Vas Bunga Minimalis L,Home Decor & Living,Rp 95.000,"8,5 × 8,5 × 20 cm",1 kg,Full Natural,Mahogany Wood,Waterbase,Assembled / Knockdown,,https://uwitan.id/wp-content/uploads/2020/10/1-aksesoris-vas-bunga-melati-L.jpg,/home/azureuser/katalog_500_images/454_melati_vas_bunga_minimalis_l.jpg,https://uwitan.id/product/melati-vas-bunga-minimalis-l/
Asoka Vas Bunga Minimalis M,Home Decor & Living,Rp 75.000,7 × 7 × 15 cm,2 kg,Full Natural,Mahogany Wood,Waterbase,Assembled / Knockdown,,https://uwitan.id/wp-content/uploads/2020/10/1.-Furniture-Vas-Asoka-vas-Bunga-M.jpg,/home/azureuser/katalog_500_images/455_asoka_vas_bunga_minimalis_m.jpg,https://uwitan.id/product/asoka-vas-bunga-minimalis-m/
Limo Vas Kayu,Home Decor & Living,Rp 55.000,9 × 4 × 9 cm,"0,5 kg",Full Natural,Pine Wood,NC Lacquer,Full Assembly,,https://uwitan.id/wp-content/uploads/2023/07/CHO07665-scaled-e1692091363618.jpg,/home/azureuser/katalog_500_images/456_limo_vas_kayu.jpg,https://uwitan.id/product/limo-vas-kayu/
Dodo Triangle Small,Home Decor & Living,Rp 4.200.000,240 × 120 × 150 cm,423 kg,Full Natural,Pine Wood,NC Lacquer,Assembled / Knockdown,,https://uwitan.id/wp-content/uploads/2020/06/1.-Furniture-Aksesoris-Dodo-triangle-Small.jpg,/home/azureuser/katalog_500_images/457_dodo_triangle_small.jpg,https://uwitan.id/product/dodo-triangle-small/
Kotak Tisu Rotan,Home Decor & Living,Rp 215.000,26 × 14 × 13 cm,"7,8 kg",Full Natural,Rattan,NC Lacquer,Assembled / Knockdown,,https://uwitan.id/wp-content/uploads/2020/05/IMG_5073-scaled.jpg,/home/azureuser/katalog_500_images/458_kotak_tisu_rotan.jpg,https://uwitan.id/product/kotak-tisu-rotan/
Ona Stool,Kursi & Sofa,Rp 525.000,"32,3 × 32,3 × 43,5 cm",-,Natural,"Pine Wood, Plywood",NC Lacquer,Full Assembly,,https://uwitan.id/wp-content/uploads/2023/01/CHO00286-1-scaled.jpg,/home/azureuser/katalog_500_images/459_ona_stool.jpg,https://uwitan.id/product/ona-stool/
Jiro Folding Chair,Kursi & Sofa,Rp 1.650.000,67 × 80 × 77 cm,85 kg,Brown Natural,"Rattan, Teak Wood",NC Lacquer,Full Assembly,,https://uwitan.id/wp-content/uploads/2023/04/CHO05802-scaled.jpg,/home/azureuser/katalog_500_images/460_jiro_folding_chair.jpg,https://uwitan.id/product/jiro-folding-chair/
Mobil Mainan VW Combi Rotan,Home Decor & Living,Rp 365.000,15 × 32 × 21 cm,8 kg,Full Natural,Rattan,NC Lacquer,Full Assembly,,https://uwitan.id/wp-content/uploads/2024/09/IMG_0414-01-min.jpeg,/home/azureuser/katalog_500_images/461_mobil_mainan_vw_combi_rotan.jpeg,https://uwitan.id/product/mobil-mainan-vw-combi-rotan/
Box Montesori M,Home Decor & Living,Rp 95.000,13 × 14 × 7 cm,-,Natural,Pine Wood,NC Lacquer,Full Assembly,,https://uwitan.id/wp-content/uploads/2023/01/CHO00903-scaled.jpg,/home/azureuser/katalog_500_images/462_box_montesori_m.jpg,https://uwitan.id/product/box-montesori-m/
Mobil Mainan VW Kodok Rotan,Home Decor & Living,Rp 365.000,22 × 32 × 18 cm,8 kg,Full Natural,Rattan,NC Lacquer,Full Assembly,,https://uwitan.id/wp-content/uploads/2024/09/IMG_0444-01-min-scaled.jpeg,/home/azureuser/katalog_500_images/463_mobil_mainan_vw_kodok_rotan.jpeg,https://uwitan.id/product/mobil-mainan-vw-kodok-rotan/
Box Montesori S,Home Decor & Living,Rp 80.000,11 × 12 × 5 cm,-,Natural,"MDF, Pine Wood",NC Lacquer,Full Assembly,,https://uwitan.id/wp-content/uploads/2023/01/CHO00919-scaled.jpg,/home/azureuser/katalog_500_images/464_box_montesori_s.jpg,https://uwitan.id/product/box-montesori-s/
Sender Shelf,Rak & Display,Rp 485.000,"49,5 × 27 × 47,5 cm",-,Full Natural,Pine Wood,NC Lacquer,Full Assembly,,https://uwitan.id/wp-content/uploads/2023/05/CHO05518-scaled.jpg,/home/azureuser/katalog_500_images/465_sender_shelf.jpg,https://uwitan.id/product/sender-shelf/
Medicine Box Green Natural,Home Decor & Living,Rp 350.000,Custom Sesuai Pesanan,-,Natural Green,"MDF, Pine Wood, Plywood",NC Lacquer,Full Assembly,,https://uwitan.id/wp-content/uploads/2023/03/CHO03340-scaled.jpg,/home/azureuser/katalog_500_images/466_medicine_box_green_natural.jpg,https://uwitan.id/product/medicine-box-green-natural/
Seroja Vas Bunga Minimalis L,Home Decor & Living,Rp 95.000,"7,5 × 7,5 × 20 cm",2 kg,Full Natural,Mahogany Wood,Waterbase,Assembled / Knockdown,,https://uwitan.id/wp-content/uploads/2020/07/1-Aksesoris-Seroja-Vas-Bunga-Minimalis-L-Uwitan.jpg,/home/azureuser/katalog_500_images/467_seroja_vas_bunga_minimalis_l.jpg,https://uwitan.id/product/seroja-vas-bunga-minimalis-l/
Ranting Shelf – Standing Hanger Minimalis,Rak & Display,Rp 1.200.000,33 × 46 × 160 cm,80 kg,Full Natural,Pine Wood,NC Lacquer,Semi-Knockdown,,https://uwitan.id/wp-content/uploads/2024/08/1000078778-01-min-scaled.jpeg,/home/azureuser/katalog_500_images/468_ranting_shelf___standing_hanger_min.jpeg,https://uwitan.id/product/ranting-shelf-standing-hanger-minimalis/
Standing Rattan Pot,Rak & Display,Rp 350.000,30 × 30 × 57 cm,"17,3 kg",Full Natural,Rattan,NC Lacquer,Assembled / Knockdown,,https://uwitan.id/wp-content/uploads/2019/12/1-Furniture-Standing-Rattan-Pot-Uwitan.jpg,/home/azureuser/katalog_500_images/469_standing_rattan_pot.jpg,https://uwitan.id/product/standing-rattan-pot/
Seroja Vas Bunga Minimalis M,Home Decor & Living,Rp 75.000,"7,5 × 7,5 × 15,5 cm",1 kg,Full Natural,Mahogany Wood,Waterbase,Assembled / Knockdown,,https://uwitan.id/wp-content/uploads/2020/07/2-Aksesoris-Seroja-Vas-Bunga-Minimalis-M-Uwitan.jpg,/home/azureuser/katalog_500_images/470_seroja_vas_bunga_minimalis_m.jpg,https://uwitan.id/product/seroja-vas-bunga-minimalis-m/
Genaguci,Home Decor & Living,Rp 385.000,30 × 30 × 56 cm,12 kg,Full Natural,Rattan,NC Lacquer,Assembled / Knockdown,,https://uwitan.id/wp-content/uploads/2020/08/IMG_3265.jpg,/home/azureuser/katalog_500_images/471_genaguci.jpg,https://uwitan.id/product/genaguci/
Asoka Vas Bunga Minimalis L,Home Decor & Living,Rp 95.000,7 × 7 × 20 cm,2 kg,Full Natural,Mahogany Wood,Waterbase,Assembled / Knockdown,,https://uwitan.id/wp-content/uploads/2020/07/1.-Furniture-Vas-Asoka-Vas-Bunga-L.jpeg,/home/azureuser/katalog_500_images/472_asoka_vas_bunga_minimalis_l.jpeg,https://uwitan.id/product/asoka-vas-bunga-minimalis-l/
Asoka Vas Bunga Minimalis S,Home Decor & Living,Rp 55.000,7 × 7 × 10 cm,2 kg,Full Natural,Mahogany Wood,Waterbase,Assembled / Knockdown,,https://uwitan.id/wp-content/uploads/2020/07/1.-Furniture-Vas-Asoka-Vas-Bunga-S.jpeg,/home/azureuser/katalog_500_images/473_asoka_vas_bunga_minimalis_s.jpeg,https://uwitan.id/product/asoka-vas-bunga-minimalis-s/
Melati Vas Bunga Minimalis S,Home Decor & Living,Rp 55.000,"8,5 × 8,5 × 10 cm",1 kg,Full Natural,Mahogany Wood,Waterbase,Assembled / Knockdown,,https://uwitan.id/wp-content/uploads/2020/07/1-aksesoris-vas-bunga-melati-s.jpg,/home/azureuser/katalog_500_images/474_melati_vas_bunga_minimalis_s.jpg,https://uwitan.id/product/melati-vas-bunga-minimalis-s/
Mobil Mainan Kayu Medium,Home Decor & Living,Rp 85.000,15 × 4 × 7 cm,1 kg,"Roda Hitam, Roda Natural",Pine Wood,NC Lacquer,Full Assembly,,https://uwitan.id/wp-content/uploads/2025/08/IMG_6577-min.jpeg,/home/azureuser/katalog_500_images/475_mobil_mainan_kayu_medium.jpeg,https://uwitan.id/product/mobil-mainan-kayu-medium/
Uwitan Mini Rug S,Home Decor & Living,Rp 280.000,N/A,2 kg,Natural Wood,Tenun,NC Lacquer / Natural,Assembled / Knockdown,,https://uwitan.id/wp-content/uploads/2020/10/mini-rug-s-001-1.jpg,/home/azureuser/katalog_500_images/476_uwitan_mini_rug_s.jpg,https://uwitan.id/product/uwitan-mini-rug-s/
Mobil Mainan Kayu Large,Home Decor & Living,Rp 110.000,N/A,N/A,Natural Wood,Pine Wood,NC Lacquer,Full Assembly,,https://uwitan.id/wp-content/uploads/2025/08/IMG_6601-min.jpeg,/home/azureuser/katalog_500_images/477_mobil_mainan_kayu_large.jpeg,https://uwitan.id/product/mobil-mainan-kayu-large/
Jamur Stool,Kursi & Sofa,Rp 720.000,"35,5 × 35,5 × 47 cm",15 kg,"Green Natural, Full Natural",Pine Wood,NC Lacquer,Full Assembly,,https://uwitan.id/wp-content/uploads/2024/09/IMG_1924-01-min.jpeg,/home/azureuser/katalog_500_images/478_jamur_stool.jpeg,https://uwitan.id/product/jamur-stool/
Alana Cube Series,Home Decor & Living,Rp 1.100.000,40 × 35 × 40 cm,20 kg,Full Natural,Pine Wood,NC Lacquer,Full Assembly,,https://uwitan.id/wp-content/uploads/2024/11/IMG_3683-01-min.jpeg,/home/azureuser/katalog_500_images/479_alana_cube_series.jpeg,https://uwitan.id/product/alana-cube-series/
Stool S,Kursi & Sofa,Rp 450.000,"30 × 30 × 41,5 cm","14,3 kg","Full Natural, Yellow – Grey",Pine Wood,NC Lacquer,Assembled / Knockdown,,https://uwitan.id/wp-content/uploads/2018/06/1-Stool-S-Natural-Furniture.jpg,/home/azureuser/katalog_500_images/480_stool_s.jpg,https://uwitan.id/product/stool-s-natural/
Econo Galon Side Table Natural dan White Natural,Meja & Konsol,Rp 985.000,38 × 38 × 58 cm,22 kg,"Natural, White Natural","Pine Wood, Plywood",NC Lacquer,Full Assembly,,https://uwitan.id/wp-content/uploads/2024/12/IMG_0597-min.jpeg,/home/azureuser/katalog_500_images/481_econo_galon_side_table_natural_dan.jpeg,https://uwitan.id/product/econo-galon-side-table-natural-dan-white-natural/
Mini Hook Shelf,Rak & Display,Rp 65.000,"34 × 6,5 × 7 cm",3 kg,"Natural, Green, Blue",Pine Wood,NC Lacquer,Full Assembly,,https://uwitan.id/wp-content/uploads/2024/09/IMG_1112-01-min.jpeg,/home/azureuser/katalog_500_images/482_mini_hook_shelf.jpeg,https://uwitan.id/product/mini-hook-shelf/
Mobil Mainan Kayu Small,Home Decor & Living,Rp 45.000,8 × 4 × 5 cm,1 kg,Natural,Pine Wood,NC Lacquer,Full Assembly,,https://uwitan.id/wp-content/uploads/2025/08/IMG_6556-1-min.jpeg,/home/azureuser/katalog_500_images/483_mobil_mainan_kayu_small.jpeg,https://uwitan.id/product/mobil-mainan-kayu-small/
Ingan Storage,Home Decor & Living,Rp 350.000,22 × 24 × 14 cm,"4,4 kg",Full Natural,Pine Wood,NC Lacquer,Full Assembly,,https://uwitan.id/wp-content/uploads/2021/02/1-furniture-aksesoris-ingan-storage.jpeg,/home/azureuser/katalog_500_images/484_ingan_storage.jpeg,https://uwitan.id/product/ingan-storage/
Rantang Kayu,Home Decor & Living,Rp 285.000,15 × 15 × 34 cm,20 kg,Natural – Brown,Teak Wood,NC Lacquer / Natural,Full Assembly,,https://uwitan.id/wp-content/uploads/2026/04/IMG_1965-01.jpg,/home/azureuser/katalog_500_images/485_rantang_kayu.jpg,https://uwitan.id/product/rantang-kayu/
Beranda Chair Kaki Besi Hitam,Kursi & Sofa,Rp 685.000,61 × 58 × 80 cm,80 kg,Hitam,Metal,NC Lacquer / Natural,Full Assembly,,https://uwitan.id/wp-content/uploads/2026/04/IMG_3823-1.jpg,/home/azureuser/katalog_500_images/486_beranda_chair_kaki_besi_hitam.jpg,https://uwitan.id/product/beranda-chair-kaki-besi-hitam/
Jerujen Stool,Kursi & Sofa,Rp 750.000,"34,5 × 34,5 × 45,5 cm",-,Natural,Pine Wood,NC Lacquer,Full Assembly,,https://uwitan.id/wp-content/uploads/2023/01/CHO01075-scaled.jpg,/home/azureuser/katalog_500_images/487_jerujen_stool.jpg,https://uwitan.id/product/jerujen-stool-uwitan/
Rak Dinding Minimu,Rak & Display,Rp 120.000,32 × 7 × 32 cm,4 kg,Full Natural,Pine Wood,NC Lacquer,Full Assembly,,https://uwitan.id/wp-content/uploads/2024/09/IMG_1068-01-1-min.jpeg,/home/azureuser/katalog_500_images/488_rak_dinding_minimu.jpeg,https://uwitan.id/product/rak-dinding-minimu/
Rak Dinding Minimi,Rak & Display,Rp 120.000,33 × 7 × 32 cm,4 kg,Full Natural,Pine Wood,NC Lacquer,Full Assembly,,https://uwitan.id/wp-content/uploads/2024/09/IMG_1088-01-1-min.jpeg,/home/azureuser/katalog_500_images/489_rak_dinding_minimi.jpeg,https://uwitan.id/product/rak-dinding-minimi/
Stando Mirror,Rak & Display,Rp 1.200.000,55 × 55 × 151 cm,40 kg,Natural,"Pine Wood, Mirror",NC Lacquer,Full Assembly,,https://uwitan.id/wp-content/uploads/2025/08/IMG_6414-min.jpeg,/home/azureuser/katalog_500_images/490_stando_mirror.jpeg,https://uwitan.id/product/stando-mirror/
Galon Slide Table,Meja & Konsol,Rp 1.350.000,38 × 38 × 55 cm,37 kg,Natural,"Pine Wood, Rattan, Plywood",NC Lacquer / Natural,Full Assembly,,https://uwitan.id/wp-content/uploads/2025/09/IMG_8398-min.jpeg,/home/azureuser/katalog_500_images/491_galon_slide_table.jpeg,https://uwitan.id/product/galon-slide-table/
Galon Side Table – Wadah Galon Air Minum,Meja & Konsol,Rp 1.350.000,38 × 38 × 58 cm,40 kg,Full Natural,Pine Wood,NC Lacquer,Full Assembly,,https://uwitan.id/wp-content/uploads/2025/12/IMG_2039-01-1.jpeg,/home/azureuser/katalog_500_images/492_galon_side_table___wadah_galon_air.jpeg,https://uwitan.id/product/galon-side-table-wadah-galon-air-minum/
Econo Side Table,Meja & Konsol,Rp 925.000,39 × 30 × 49 cm,"19,3 kg",Full Natural,"Pine Wood, Plywood",NC Lacquer,Full Assembly,,https://uwitan.id/wp-content/uploads/2020/04/1.-Furniture-Meja-Econo-Side-Table.jpeg,/home/azureuser/katalog_500_images/493_econo_side_table.jpeg,https://uwitan.id/product/econo-side-table/
Salami Coffee Table Large,Meja & Konsol,Rp 1.450.000,80 × 80 × 35 cm,61 kg,Full Natural,Pine Wood,NC Lacquer,Full Assembly,,https://uwitan.id/wp-content/uploads/2021/04/2-Furniture-Salami-Coffee-Table-Large.jpg,/home/azureuser/katalog_500_images/494_salami_coffee_table_large.jpg,https://uwitan.id/product/salami-coffee-table-large/
Alana Mirror M Natural,Cermin & Dekorasi,Rp 950.000,60 × 7 × 60 cm,"13,9 kg",Full Natural,"Mirror, Pine Wood",NC Lacquer,Assembled / Knockdown,,https://uwitan.id/wp-content/uploads/2019/02/1.-Furniture-Cermin-Alana-Mirror-M-Natural.jpeg,/home/azureuser/katalog_500_images/495_alana_mirror_m_natural.jpeg,https://uwitan.id/product/alana-mirror-m-natural/
Box Multifungsi,Home Decor & Living,Rp 350.000,42 × 25 × 28 cm,"11,5 kg",White – Natural,"MDF, Pine Wood",NC Lacquer,Assembled / Knockdown,,https://uwitan.id/wp-content/uploads/2017/12/storage-box-multifungsi-1.jpg,/home/azureuser/katalog_500_images/496_box_multifungsi.jpg,https://uwitan.id/product/box-multifungsi/
Folding Hook Natural,Home Decor & Living,Rp 150.000,90 × 10 × 32 cm,4 kg,Full Natural,Pine Wood,NC Lacquer,Assembled / Knockdown,,https://uwitan.id/wp-content/uploads/2018/12/1-furniture-aksesoris-folding-hook-natural.jpeg,/home/azureuser/katalog_500_images/497_folding_hook_natural.jpeg,https://uwitan.id/product/folding-hook-natural/
Oma Hio,Home Decor & Living,Rp 135.000,10 × 10 × 10 cm,2 kg,Natural,Pine Wood,NC Lacquer,Full Assembly,,https://uwitan.id/wp-content/uploads/2026/04/IMG_3677.jpg,/home/azureuser/katalog_500_images/498_oma_hio.jpg,https://uwitan.id/product/oma-hio/
Lekuk Table,Meja & Konsol,Rp 2.650.000,Custom Sesuai Pesanan,-,Full Natural,Pine Wood,NC Lacquer,Knockdown,,https://uwitan.id/wp-content/uploads/2026/05/IMG_3932.jpg,/home/azureuser/katalog_500_images/499_lekuk_table.jpg,https://uwitan.id/product/lekuk-table/
Lenggah Standing HP – Holder HP Standing HP Minimalis,Rak & Display,Rp 65.000,10 × 10 × 15 cm,1 kg,Full Natural,Pine Wood,NC Lacquer,Full Assembly,,https://uwitan.id/wp-content/uploads/2024/05/IMG_4073-01-min-scaled.jpeg,/home/azureuser/katalog_500_images/500_lenggah_standing_hp___holder_hp_sta.jpeg,https://uwitan.id/product/lenggah-standing-hp-holder-hp-standing-hp-minimalis/
